4120,EPSG,4120,"GEOGCS[""Greek"", DATUM[""Greek"", ELLIPSOID[""Bessel 1841"", 6377397.155, 299.1528128]], PRIMEM[""Greenwich"", 0], UNIT[""Degree"", 0.0174532925199433]]",metre,1
4121,EPSG,4121,"GEOGCS[""GGRS87"", DATUM[""Greek Geodetic Reference System 1987"", ELLIPSOID[""GRS 1980"", 6378137, 298.257222101]], PRIMEM[""Greenwich"", 0], UNIT[""Degree"", 0.0174532925199433]]",metre,1
4122,EPSG,4122,"GEOGCS[""ATS77"", DATUM[""Average Terrestrial System 1977"", ELLIPSOID[""Average Terrestrial System 1977"", 6378135, 298.257]], PRIMEM[""Greenwich"", 0], UNIT[""Degree"", 0.0174532925199433]]",metre,1
4123,EPSG,4123,"GEOGCS[""KKJ"", DATUM[""Kartastokoordinaattijarjestelma (1966)"", ELLIPSOID[""International 1924"", 6378388, 297]], PRIMEM[""Greenwich"", 0], UNIT[""Degree"", 0.0174532925199433]]",metre,1
4124,EPSG,4124,"GEOGCS[""RT90"", DATUM[""Rikets koordinatsystem 1990"", ELLIPSOID[""Bessel 1841"", 6377397.155, 299.1528128]], PRIMEM[""Greenwich"", 0], UNIT[""Degree"", 0.0174532925199433]]",metre,1
4127,EPSG,4127,"GEOGCS[""Tete"", DATUM[""Tete"", ELLIPSOID[""Clarke 1866"", 6378206.4, 294.978698213898]], PRIMEM[""Greenwich"", 0], UNIT[""Degree"", 0.0174532925199433]]",metre,1
4128,EPSG,4128,"GEOGCS[""Madzansua"", DATUM[""Madzansua"", ELLIPSOID[""Clarke 1866"", 6378206.4, 294.978698213898]], PRIMEM[""Greenwich"", 0], UNIT[""Degree"", 0.0174532925199433]]",metre,1
4129,EPSG,4129,"GEOGCS[""Observatario"", DATUM[""Observatario"", ELLIPSOID[""Clarke 1866"", 6378206.4, 294.978698213898]], PRIMEM[""Greenwich"", 0], UNIT[""Degree"", 0.0174532925199433]]",metre,1
4130,EPSG,4130,"GEOGCS[""Moznet"", DATUM[""Moznet (ITRF94)"", ELLIPSOID[""WGS 84"", 6378137, 298.257223563]], PRIMEM[""Greenwich"", 0], UNIT[""Degree"", 0.0174532925199433]]",metre,1
4131,EPSG,4131,"GEOGCS[""Indian 1960"", DATUM[""Indian 1960"", ELLIPSOID[""Everest 1830 (1937 Adjustment)"", 6377276.345, 300.8017]], PRIMEM[""Greenwich"", 0], UNIT[""Degree"", 0.0174532925199433]]",metre,1
4132,EPSG,4132,"GEOGCS[""FD58"", DATUM[""Final Datum 1958"", ELLIPSOID[""Clarke 1880 (RGS)"", 6378249.145, 293.465]], PRIMEM[""Greenwich"", 0], UNIT[""Degree"", 0.0174532925199433]]",metre,1
4133,EPSG,4133,"GEOGCS[""EST92"", DATUM[""Estonia 1992"", ELLIPSOID[""GRS 1980"", 6378137, 298.257222101]], PRIMEM[""Greenwich"", 0], UNIT[""Degree"", 0.0174532925199433]]",metre,1
4134,EPSG,4134,"GEOGCS[""PDO Survey Datum 1993"", DATUM[""PDO Survey Datum 1993"", ELLIPSOID[""Clarke 1880 (RGS)"", 6378249.145, 293.465]], PRIMEM[""Greenwich"", 0], UNIT[""Degree"", 0.0174532925199433]]",metre,1
4135,EPSG,4135,"GEOGCS[""Old Hawaiian"", DATUM[""Old Hawaiian"", ELLIPSOID[""Clarke 1866"", 6378206.4, 294.978698213898]], PRIMEM[""Greenwich"", 0], UNIT[""Degree"", 0.0174532925199433]]",metre,1
4136,EPSG,4136,"GEOGCS[""St. Lawrence Island"", DATUM[""St. Lawrence Island"", ELLIPSOID[""Clarke 1866"", 6378206.4, 294.978698213898]], PRIMEM[""Greenwich"", 0], UNIT[""Degree"", 0.0174532925199433]]",metre,1
4137,EPSG,4137,"GEOGCS[""St. Paul Island"", DATUM[""St. Paul Island"", ELLIPSOID[""Clarke 1866"", 6378206.4, 294.978698213898]], PRIMEM[""Greenwich"", 0], UNIT[""Degree"", 0.0174532925199433]]",metre,1
4138,EPSG,4138,"GEOGCS[""St. George Island"", DATUM[""St. George Island"", ELLIPSOID[""Clarke 1866"", 6378206.4, 294.978698213898]], PRIMEM[""Greenwich"", 0], UNIT[""Degree"", 0.0174532925199433]]",metre,1
4139,EPSG,4139,"GEOGCS[""Puerto Rico"", DATUM[""Puerto Rico"", ELLIPSOID[""Clarke 1866"", 6378206.4, 294.978698213898]], PRIMEM[""Greenwich"", 0], UNIT[""Degree"", 0.0174532925199433]]",metre,1
4141,EPSG,4141,"GEOGCS[""Israel"", DATUM[""Israel"", ELLIPSOID[""GRS 1980"", 6378137, 298.257222101]], PRIMEM[""Greenwich"", 0], UNIT[""Degree"", 0.0174532925199433]]",metre,1
4142,EPSG,4142,"GEOGCS[""Locodjo 1965"", DATUM[""Locodjo 1965"", ELLIPSOID[""Clarke 1880 (RGS)"", 6378249.145, 293.465]], PRIMEM[""Greenwich"", 0], UNIT[""Degree"", 0.0174532925199433]]",metre,1
4143,EPSG,4143,"GEOGCS[""Abidjan 1987"", DATUM[""Abidjan 1987"", ELLIPSOID[""Clarke 1880 (RGS)"", 6378249.145, 293.465]], PRIMEM[""Greenwich"", 0], UNIT[""Degree"", 0.0174532925199433]]",metre,1
4144,EPSG,4144,"GEOGCS[""Kalianpur 1937"", DATUM[""Kalianpur 1937"", ELLIPSOID[""Everest 1830 (1937 Adjustment)"", 6377276.345, 300.8017]], PRIMEM[""Greenwich"", 0], UNIT[""Degree"", 0.0174532925199433]]",metre,1
4145,EPSG,4145,"GEOGCS[""Kalianpur 1962"", DATUM[""Kalianpur 1962"", ELLIPSOID[""Everest 1830 (1962 Definition)"", 6377301.243, 300.8017255]], PRIMEM[""Greenwich"", 0], UNIT[""Degree"", 0.0174532925199433]]",metre,1
4146,EPSG,4146,"GEOGCS[""Kalianpur 1975"", DATUM[""Kalianpur 1975"", ELLIPSOID[""Everest 1830 (1975 Definition)"", 6377299.151, 300.8017255]], PRIMEM[""Greenwich"", 0], UNIT[""Degree"", 0.0174532925199433]]",metre,1
4147,EPSG,4147,"GEOGCS[""Hanoi 1972"", DATUM[""Hanoi 1972"", ELLIPSOID[""Krassowsky 1940"", 6378245, 298.3]], PRIMEM[""Greenwich"", 0], UNIT[""Degree"", 0.0174532925199433]]",metre,1
4148,EPSG,4148,"GEOGCS[""Hartebeesthoek94"", DATUM[""Hartebeesthoek94"", ELLIPSOID[""WGS 84"", 6378137, 298.257223563]], PRIMEM[""Greenwich"", 0], UNIT[""Degree"", 0.0174532925199433]]",metre,1
4149,EPSG,4149,"GEOGCS[""CH1903"", DATUM[""CH1903"", ELLIPSOID[""Bessel 1841"", 6377397.155, 299.1528128]], PRIMEM[""Greenwich"", 0], UNIT[""Degree"", 0.0174532925199433]]",metre,1
4150,EPSG,4150,"GEOGCS[""CH1903+"", DATUM[""CH1903+"", ELLIPSOID[""Bessel 1841"", 6377397.155, 299.1528128]], PRIMEM[""Greenwich"", 0], UNIT[""Degree"", 0.0174532925199433]]",metre,1
4151,EPSG,4151,"GEOGCS[""CHTRF95"", DATUM[""Swiss Terrestrial Reference Frame 1995"", ELLIPSOID[""GRS 1980"", 6378137, 298.257222101]], PRIMEM[""Greenwich"", 0], UNIT[""Degree"", 0.0174532925199433]]",metre,1
4152,EPSG,4152,"GEOGCS[""NAD83(HARN)"", DATUM[""NAD83 (High Accuracy Regional Network)"", ELLIPSOID[""GRS 1980"", 6378137, 298.257222101]], PRIMEM[""Greenwich"", 0], UNIT[""Degree"", 0.0174532925199433]]",metre,1
4153,EPSG,4153,"GEOGCS[""Rassadiran"", DATUM[""Rassadiran"", ELLIPSOID[""International 1924"", 6378388, 297]], PRIMEM[""Greenwich"", 0], UNIT[""Degree"", 0.0174532925199433]]",metre,1
4154,EPSG,4154,"GEOGCS[""ED50(ED77)"", DATUM[""European Datum 1950(1977)"", ELLIPSOID[""International 1924"", 6378388, 297]], PRIMEM[""Greenwich"", 0], UNIT[""Degree"", 0.0174532925199433]]",metre,1
4155,EPSG,4155,"GEOGCS[""Dabola 1981"", DATUM[""Dabola 1981"", ELLIPSOID[""Clarke 1880 (IGN)"", 6378249.2, 293.466021293627]], PRIMEM[""Greenwich"", 0], UNIT[""Degree"", 0.0174532925199433]]",metre,1
4156,EPSG,4156,"GEOGCS[""S-JTSK"", DATUM[""Jednotne Trigonometricke Site Katastralni"", ELLIPSOID[""Bessel 1841"", 6377397.155, 299.1528128]], PRIMEM[""Greenwich"", 0], UNIT[""Degree"", 0.0174532925199433]]",metre,1
4157,EPSG,4157,"GEOGCS[""Mount Dillon"", DATUM[""Mount Dillon"", ELLIPSOID[""Clarke 1858"", 6378293.64520876, 294.260676369261]], PRIMEM[""Greenwich"", 0], UNIT[""Degree"", 0.0174532925199433]]",Clarke's foot,0.304797265
4158,EPSG,4158,"GEOGCS[""Naparima 1955"", DATUM[""Naparima 1955"", ELLIPSOID[""International 1924"", 6378388, 297]], PRIMEM[""Greenwich"", 0], UNIT[""Degree"", 0.0174532925199433]]",metre,1
4159,EPSG,4159,"GEOGCS[""ELD79"", DATUM[""European Libyan Datum 1979"", ELLIPSOID[""International 1924"", 6378388, 297]], PRIMEM[""Greenwich"", 0], UNIT[""Degree"", 0.0174532925199433]]",metre,1
4160,EPSG,4160,"GEOGCS[""Chos Malal 1914"", DATUM[""Chos Malal 1914"", ELLIPSOID[""International 1924"", 6378388, 297]], PRIMEM[""Greenwich"", 0], UNIT[""Degree"", 0.0174532925199433]]",metre,1
4161,EPSG,4161,"GEOGCS[""Pampa del Castillo"", DATUM[""Pampa del Castillo"", ELLIPSOID[""International 1924"", 6378388, 297]], PRIMEM[""Greenwich"", 0], UNIT[""Degree"", 0.0174532925199433]]",metre,1
4162,EPSG,4162,"GEOGCS[""Korean 1985"", DATUM[""Korean Datum 1985"", ELLIPSOID[""Bessel 1841"", 6377397.155, 299.1528128]], PRIMEM[""Greenwich"", 0], UNIT[""Degree"", 0.0174532925199433]]",metre,1
4163,EPSG,4163,"GEOGCS[""Yemen NGN96"", DATUM[""Yemen National Geodetic Network 1996"", ELLIPSOID[""WGS 84"", 6378137, 298.257223563]], PRIMEM[""Greenwich"", 0], UNIT[""Degree"", 0.0174532925199433]]",metre,1
4164,EPSG,4164,"GEOGCS[""South Yemen"", DATUM[""South Yemen"", ELLIPSOID[""Krassowsky 1940"", 6378245, 298.3]], PRIMEM[""Greenwich"", 0], UNIT[""Degree"", 0.0174532925199433]]",metre,1
4165,EPSG,4165,"GEOGCS[""Bissau"", DATUM[""Bissau"", ELLIPSOID[""International 1924"", 6378388, 297]], PRIMEM[""Greenwich"", 0], UNIT[""Degree"", 0.0174532925199433]]",metre,1
4166,EPSG,4166,"GEOGCS[""Korean 1995"", DATUM[""Korean Datum 1995"", ELLIPSOID[""WGS 84"", 6378137, 298.257223563]], PRIMEM[""Greenwich"", 0], UNIT[""Degree"", 0.0174532925199433]]",metre,1
4167,EPSG,4167,"GEOGCS[""NZGD2000"", DATUM[""New Zealand Geodetic Datum 2000"", ELLIPSOID[""GRS 1980"", 6378137, 298.257222101]], PRIMEM[""Greenwich"", 0], UNIT[""Degree"", 0.0174532925199433]]",metre,1
4168,EPSG,4168,"GEOGCS[""Accra"", DATUM[""Accra"", ELLIPSOID[""War Office"", 6378300, 296]], PRIMEM[""Greenwich"", 0], UNIT[""Degree"", 0.0174532925199433]]",metre,1
4169,EPSG,4169,"GEOGCS[""American Samoa 1962"", DATUM[""American Samoa 1962"", ELLIPSOID[""Clarke 1866"", 6378206.4, 294.978698213898]], PRIMEM[""Greenwich"", 0], UNIT[""Degree"", 0.0174532925199433]]",metre,1
4170,EPSG,4170,"GEOGCS[""SIRGAS"", DATUM[""Sistema de Referencia Geocentrico para America del Sur 1995"", ELLIPSOID[""GRS 1980"", 6378137, 298.257222101]], PRIMEM[""Greenwich"", 0], UNIT[""Degree"", 0.0174532925199433]]",metre,1
4171,EPSG,4171,"GEOGCS[""RGF93"", DATUM[""Reseau Geodesique Francais 1993"", ELLIPSOID[""GRS 1980"", 6378137, 298.257222101]], PRIMEM[""Greenwich"", 0], UNIT[""Degree"", 0.0174532925199433]]",metre,1
4173,EPSG,4173,"GEOGCS[""IRENET95"", DATUM[""IRENET95"", ELLIPSOID[""GRS 1980"", 6378137, 298.257222101]], PRIMEM[""Greenwich"", 0], UNIT[""Degree"", 0.0174532925199433]]",metre,1
4174,EPSG,4174,"GEOGCS[""Sierra Leone 1924"", DATUM[""Sierra Leone Colony 1924"", ELLIPSOID[""War Office"", 6378300, 296]], PRIMEM[""Greenwich"", 0], UNIT[""Degree"", 0.0174532925199433]]",metre,1
4175,EPSG,4175,"GEOGCS[""Sierra Leone 1968"", DATUM[""Sierra Leone 1968"", ELLIPSOID[""Clarke 1880 (RGS)"", 6378249.145, 293.465]], PRIMEM[""Greenwich"", 0], UNIT[""Degree"", 0.0174532925199433]]",metre,1
4176,EPSG,4176,"GEOGCS[""Australian Antarctic"", DATUM[""Australian Antarctic Datum 1998"", ELLIPSOID[""GRS 1980"", 6378137, 298.257222101]], PRIMEM[""Greenwich"", 0], UNIT[""Degree"", 0.0174532925199433]]",metre,1
4178,EPSG,4178,"GEOGCS[""Pulkovo 1942(83)"", DATUM[""Pulkovo 1942/83"", ELLIPSOID[""Krassowsky 1940"", 6378245, 298.3]], PRIMEM[""Greenwich"", 0], UNIT[""Degree"", 0.0174532925199433]]",metre,1
4179,EPSG,4179,"GEOGCS[""Pulkovo 1942(58)"", DATUM[""Pulkovo 1942/58"", ELLIPSOID[""Krassowsky 1940"", 6378245, 298.3]], PRIMEM[""Greenwich"", 0], UNIT[""Degree"", 0.0174532925199433]]",metre,1
4180,EPSG,4180,"GEOGCS[""EST97"", DATUM[""Estonia 1997"", ELLIPSOID[""GRS 1980"", 6378137, 298.257222101]], PRIMEM[""Greenwich"", 0], UNIT[""Degree"", 0.0174532925199433]]",metre,1
4181,EPSG,4181,"GEOGCS[""Luxembourg 1930"", DATUM[""Luxembourg 1930"", ELLIPSOID[""International 1924"", 6378388, 297]], PRIMEM[""Greenwich"", 0], UNIT[""Degree"", 0.0174532925199433]]",metre,1
4182,EPSG,4182,"GEOGCS[""Azores Occidental 1939"", DATUM[""Azores Occidental Islands 1939"", ELLIPSOID[""International 1924"", 6378388, 297]], PRIMEM[""Greenwich"", 0], UNIT[""Degree"", 0.0174532925199433]]",metre,1
4183,EPSG,4183,"GEOGCS[""Azores Central 1948"", DATUM[""Azores Central Islands 1948"", ELLIPSOID[""International 1924"", 6378388, 297]], PRIMEM[""Greenwich"", 0], UNIT[""Degree"", 0.0174532925199433]]",metre,1
4184,EPSG,4184,"GEOGCS[""Azores Oriental 1940"", DATUM[""Azores Oriental Islands 1940"", ELLIPSOID[""International 1924"", 6378388, 297]], PRIMEM[""Greenwich"", 0], UNIT[""Degree"", 0.0174532925199433]]",metre,1
4188,EPSG,4188,"GEOGCS[""OSNI 1952"", DATUM[""OSNI 1952"", ELLIPSOID[""Airy 1830"", 6377563.396, 299.3249646]], PRIMEM[""Greenwich"", 0], UNIT[""Degree"", 0.0174532925199433]]",metre,1
4189,EPSG,4189,"GEOGCS[""REGVEN"", DATUM[""Red Geodesica Venezolana"", ELLIPSOID[""GRS 1980"", 6378137, 298.257222101]], PRIMEM[""Greenwich"", 0], UNIT[""Degree"", 0.0174532925199433]]",metre,1
4190,EPSG,4190,"GEOGCS[""POSGAR 98"", DATUM[""Posiciones Geodesicas Argentinas 1998"", ELLIPSOID[""GRS 1980"", 6378137, 298.257222101]], PRIMEM[""Greenwich"", 0], UNIT[""Degree"", 0.0174532925199433]]",metre,1
4191,EPSG,4191,"GEOGCS[""Albanian 1987"", DATUM[""Albanian 1987"", ELLIPSOID[""Krassowsky 1940"", 6378245, 298.3]], PRIMEM[""Greenwich"", 0], UNIT[""Degree"", 0.0174532925199433]]",metre,1
4192,EPSG,4192,"GEOGCS[""Douala 1948"", DATUM[""Douala 1948"", ELLIPSOID[""International 1924"", 6378388, 297]], PRIMEM[""Greenwich"", 0], UNIT[""Degree"", 0.0174532925199433]]",metre,1
4193,EPSG,4193,"GEOGCS[""Manoca 1962"", DATUM[""Manoca 1962"", ELLIPSOID[""Clarke 1880 (IGN)"", 6378249.2, 293.466021293627]], PRIMEM[""Greenwich"", 0], UNIT[""Degree"", 0.0174532925199433]]",metre,1
4194,EPSG,4194,"GEOGCS[""Qornoq 1927"", DATUM[""Qornoq 1927"", ELLIPSOID[""International 1924"", 6378388, 297]], PRIMEM[""Greenwich"", 0], UNIT[""Degree"", 0.0174532925199433]]",metre,1
4195,EPSG,4195,"GEOGCS[""Scoresbysund 1952"", DATUM[""Scoresbysund 1952"", ELLIPSOID[""International 1924"", 6378388, 297]], PRIMEM[""Greenwich"", 0], UNIT[""Degree"", 0.0174532925199433]]",metre,1
4196,EPSG,4196,"GEOGCS[""Ammassalik 1958"", DATUM[""Ammassalik 1958"", ELLIPSOID[""International 1924"", 6378388, 297]], PRIMEM[""Greenwich"", 0], UNIT[""Degree"", 0.0174532925199433]]",metre,1
4197,EPSG,4197,"GEOGCS[""Garoua"", DATUM[""Garoua"", ELLIPSOID[""Clarke 1880 (RGS)"", 6378249.145, 293.465]], PRIMEM[""Greenwich"", 0], UNIT[""Degree"", 0.0174532925199433]]",metre,1
4198,EPSG,4198,"GEOGCS[""Kousseri"", DATUM[""Kousseri"", ELLIPSOID[""Clarke 1880 (RGS)"", 6378249.145, 293.465]], PRIMEM[""Greenwich"", 0], UNIT[""Degree"", 0.0174532925199433]]",metre,1
4199,EPSG,4199,"GEOGCS[""Egypt 1930"", DATUM[""Egypt 1930"", ELLIPSOID[""International 1924"", 6378388, 297]], PRIMEM[""Greenwich"", 0], UNIT[""Degree"", 0.0174532925199433]]",metre,1
4200,EPSG,4200,"GEOGCS[""Pulkovo 1995"", DATUM[""Pulkovo 1995"", ELLIPSOID[""Krassowsky 1940"", 6378245, 298.3]], PRIMEM[""Greenwich"", 0], UNIT[""Degree"", 0.0174532925199433]]",metre,1
4201,EPSG,4201,"GEOGCS[""Adindan"", DATUM[""Adindan"", ELLIPSOID[""Clarke 1880 (RGS)"", 6378249.145, 293.465]], PRIMEM[""Greenwich"", 0], UNIT[""Degree"", 0.0174532925199433]]",metre,1
4202,EPSG,4202,"GEOGCS[""AGD66"", DATUM[""Australian Geodetic Datum 1966"", ELLIPSOID[""Australian National Spheroid"", 6378160, 298.25]], PRIMEM[""Greenwich"", 0], UNIT[""Degree"", 0.0174532925199433]]",metre,1
4203,EPSG,4203,"GEOGCS[""AGD84"", DATUM[""Australian Geodetic Datum 1984"", ELLIPSOID[""Australian National Spheroid"", 6378160, 298.25]], PRIMEM[""Greenwich"", 0], UNIT[""Degree"", 0.0174532925199433]]",metre,1
4204,EPSG,4204,"GEOGCS[""Ain el Abd"", DATUM[""Ain el Abd 1970"", ELLIPSOID[""International 1924"", 6378388, 297]], PRIMEM[""Greenwich"", 0], UNIT[""Degree"", 0.0174532925199433]]",metre,1
4205,EPSG,4205,"GEOGCS[""Afgooye"", DATUM[""Afgooye"", ELLIPSOID[""Krassowsky 1940"", 6378245, 298.3]], PRIMEM[""Greenwich"", 0], UNIT[""Degree"", 0.0174532925199433]]",metre,1
4206,EPSG,4206,"GEOGCS[""Agadez"", DATUM[""Agadez"", ELLIPSOID[""Clarke 1880 (IGN)"", 6378249.2, 293.466021293627]], PRIMEM[""Greenwich"", 0], UNIT[""Degree"", 0.0174532925199433]]",metre,1
4207,EPSG,4207,"GEOGCS[""Lisbon"", DATUM[""Lisbon 1937"", ELLIPSOID[""International 1924"", 6378388, 297]], PRIMEM[""Greenwich"", 0], UNIT[""Degree"", 0.0174532925199433]]",metre,1
4208,EPSG,4208,"GEOGCS[""Aratu"", DATUM[""Aratu"", ELLIPSOID[""International 1924"", 6378388, 297]], PRIMEM[""Greenwich"", 0], UNIT[""Degree"", 0.0174532925199433]]",metre,1
4209,EPSG,4209,"GEOGCS[""Arc 1950"", DATUM[""Arc 1950"", ELLIPSOID[""Clarke 1880 (Arc)"", 6378249.145, 293.4663077]], PRIMEM[""Greenwich"", 0], UNIT[""Degree"", 0.0174532925199433]]",metre,1
4210,EPSG,4210,"GEOGCS[""Arc 1960"", DATUM[""Arc 1960"", ELLIPSOID[""Clarke 1880 (RGS)"", 6378249.145, 293.465]], PRIMEM[""Greenwich"", 0], UNIT[""Degree"", 0.0174532925199433]]",metre,1
4211,EPSG,4211,"GEOGCS[""Batavia"", DATUM[""Batavia"", ELLIPSOID[""Bessel 1841"", 6377397.155, 299.1528128]], PRIMEM[""Greenwich"", 0], UNIT[""Degree"", 0.0174532925199433]]",metre,1
4212,EPSG,4212,"GEOGCS[""Barbados 1938"", DATUM[""Barbados 1938"", ELLIPSOID[""Clarke 1880 (RGS)"", 6378249.145, 293.465]], PRIMEM[""Greenwich"", 0], UNIT[""Degree"", 0.0174532925199433]]",metre,1
4213,EPSG,4213,"GEOGCS[""Beduaram"", DATUM[""Beduaram"", ELLIPSOID[""Clarke 1880 (IGN)"", 6378249.2, 293.466021293627]], PRIMEM[""Greenwich"", 0], UNIT[""Degree"", 0.0174532925199433]]",metre,1
4214,EPSG,4214,"GEOGCS[""Beijing 1954"", DATUM[""Beijing 1954"", ELLIPSOID[""Krassowsky 1940"", 6378245, 298.3]], PRIMEM[""Greenwich"", 0], UNIT[""Degree"", 0.0174532925199433]]",metre,1
4215,EPSG,4215,"GEOGCS[""Belge 1950"", DATUM[""Reseau National Belge 1950"", ELLIPSOID[""International 1924"", 6378388, 297]], PRIMEM[""Greenwich"", 0], UNIT[""Degree"", 0.0174532925199433]]",metre,1
4216,EPSG,4216,"GEOGCS[""Bermuda 1957"", DATUM[""Bermuda 1957"", ELLIPSOID[""Clarke 1866"", 6378206.4, 294.978698213898]], PRIMEM[""Greenwich"", 0], UNIT[""Degree"", 0.0174532925199433]]",metre,1
4218,EPSG,4218,"GEOGCS[""Bogota 1975"", DATUM[""Bogota 1975"", ELLIPSOID[""International 1924"", 6378388, 297]], PRIMEM[""Greenwich"", 0], UNIT[""Degree"", 0.0174532925199433]]",metre,1
4219,EPSG,4219,"GEOGCS[""Bukit Rimpah"", DATUM[""Bukit Rimpah"", ELLIPSOID[""Bessel 1841"", 6377397.155, 299.1528128]], PRIMEM[""Greenwich"", 0], UNIT[""Degree"", 0.0174532925199433]]",metre,1
4220,EPSG,4220,"GEOGCS[""Camacupa"", DATUM[""Camacupa"", ELLIPSOID[""Clarke 1880 (RGS)"", 6378249.145, 293.465]], PRIMEM[""Greenwich"", 0], UNIT[""Degree"", 0.0174532925199433]]",metre,1
4221,EPSG,4221,"GEOGCS[""Campo Inchauspe"", DATUM[""Campo Inchauspe"", ELLIPSOID[""International 1924"", 6378388, 297]], PRIMEM[""Greenwich"", 0], UNIT[""Degree"", 0.0174532925199433]]",metre,1
4222,EPSG,4222,"GEOGCS[""Cape"", DATUM[""Cape"", ELLIPSOID[""Clarke 1880 (Arc)"", 6378249.145, 293.4663077]], PRIMEM[""Greenwich"", 0], UNIT[""Degree"", 0.0174532925199433]]",metre,1
4223,EPSG,4223,"GEOGCS[""Carthage"", DATUM[""Carthage"", ELLIPSOID[""Clarke 1880 (IGN)"", 6378249.2, 293.466021293627]], PRIMEM[""Greenwich"", 0], UNIT[""Degree"", 0.0174532925199433]]",metre,1
4224,EPSG,4224,"GEOGCS[""Chua"", DATUM[""Chua"", ELLIPSOID[""International 1924"", 6378388, 297]], PRIMEM[""Greenwich"", 0], UNIT[""Degree"", 0.0174532925199433]]",metre,1
4225,EPSG,4225,"GEOGCS[""Corrego Alegre"", DATUM[""Corrego Alegre"", ELLIPSOID[""International 1924"", 6378388, 297]], PRIMEM[""Greenwich"", 0], UNIT[""Degree"", 0.0174532925199433]]",metre,1
4227,EPSG,4227,"GEOGCS[""Deir ez Zor"", DATUM[""Deir ez Zor"", ELLIPSOID[""Clarke 1880 (IGN)"", 6378249.2, 293.466021293627]], PRIMEM[""Greenwich"", 0], UNIT[""Degree"", 0.0174532925199433]]",metre,1
4229,EPSG,4229,"GEOGCS[""Egypt 1907"", DATUM[""Egypt 1907"", ELLIPSOID[""Helmert 1906"", 6378200, 298.3]], PRIMEM[""Greenwich"", 0], UNIT[""Degree"", 0.0174532925199433]]",metre,1
4230,EPSG,4230,"GEOGCS[""ED50"", DATUM[""European Datum 1950"", ELLIPSOID[""International 1924"", 6378388, 297]], PRIMEM[""Greenwich"", 0], UNIT[""Degree"", 0.0174532925199433]]",metre,1
4231,EPSG,4231,"GEOGCS[""ED87"", DATUM[""European Datum 1987"", ELLIPSOID[""International 1924"", 6378388, 297]], PRIMEM[""Greenwich"", 0], UNIT[""Degree"", 0.0174532925199433]]",metre,1
4232,EPSG,4232,"GEOGCS[""Fahud"", DATUM[""Fahud"", ELLIPSOID[""Clarke 1880 (RGS)"", 6378249.145, 293.465]], PRIMEM[""Greenwich"", 0], UNIT[""Degree"", 0.0174532925199433]]",metre,1
4236,EPSG,4236,"GEOGCS[""Hu Tzu Shan"", DATUM[""Hu Tzu Shan"", ELLIPSOID[""International 1924"", 6378388, 297]], PRIMEM[""Greenwich"", 0], UNIT[""Degree"", 0.0174532925199433]]",metre,1
4237,EPSG,4237,"GEOGCS[""HD72"", DATUM[""Hungarian Datum 1972"", ELLIPSOID[""GRS 1967"", 6378160, 298.247167427]], PRIMEM[""Greenwich"", 0], UNIT[""Degree"", 0.0174532925199433]]",metre,1
4238,EPSG,4238,"GEOGCS[""ID74"", DATUM[""Indonesian Datum 1974"", ELLIPSOID[""Indonesian National Spheroid"", 6378160, 298.247]], PRIMEM[""Greenwich"", 0], UNIT[""Degree"", 0.0174532925199433]]",metre,1
4239,EPSG,4239,"GEOGCS[""Indian 1954"", DATUM[""Indian 1954"", ELLIPSOID[""Everest 1830 (1937 Adjustment)"", 6377276.345, 300.8017]], PRIMEM[""Greenwich"", 0], UNIT[""Degree"", 0.0174532925199433]]",metre,1
4240,EPSG,4240,"GEOGCS[""Indian 1975"", DATUM[""Indian 1975"", ELLIPSOID[""Everest 1830 (1937 Adjustment)"", 6377276.345, 300.8017]], PRIMEM[""Greenwich"", 0], UNIT[""Degree"", 0.0174532925199433]]",metre,1
4241,EPSG,4241,"GEOGCS[""Jamaica 1875"", DATUM[""Jamaica 1875"", ELLIPSOID[""Clarke 1880"", 6378249.14480801, 293.465]], PRIMEM[""Greenwich"", 0], UNIT[""Degree"", 0.0174532925199433]]",Clarke's foot,0.304797265
4242,EPSG,4242,"GEOGCS[""JAD69"", DATUM[""Jamaica 1969"", ELLIPSOID[""Clarke 1866"", 6378206.4, 294.978698213898]], PRIMEM[""Greenwich"", 0], UNIT[""Degree"", 0.0174532925199433]]",metre,1
4243,EPSG,4243,"GEOGCS[""Kalianpur 1880"", DATUM[""Kalianpur 1880"", ELLIPSOID[""Everest (1830 Definition)"", 6377299.36559538, 300.8017]], PRIMEM[""Greenwich"", 0], UNIT[""Degree"", 0.0174532925199433]]",Indian foot,0.30479951
4244,EPSG,4244,"GEOGCS[""Kandawala"", DATUM[""Kandawala"", ELLIPSOID[""Everest 1830 (1937 Adjustment)"", 6377276.345, 300.8017]], PRIMEM[""Greenwich"", 0], UNIT[""Degree"", 0.0174532925199433]]",metre,1
4245,EPSG,4245,"GEOGCS[""Kertau 1968"", DATUM[""Kertau 1968"", ELLIPSOID[""Everest 1830 Modified"", 6377304.063, 300.8017]], PRIMEM[""Greenwich"", 0], UNIT[""Degree"", 0.0174532925199433]]",metre,1
4246,EPSG,4246,"GEOGCS[""KOC"", DATUM[""Kuwait Oil Company"", ELLIPSOID[""Clarke 1880 (RGS)"", 6378249.145, 293.465]], PRIMEM[""Greenwich"", 0], UNIT[""Degree"", 0.0174532925199433]]",metre,1
4247,EPSG,4247,"GEOGCS[""La Canoa"", DATUM[""La Canoa"", ELLIPSOID[""International 1924"", 6378388, 297]], PRIMEM[""Greenwich"", 0], UNIT[""Degree"", 0.0174532925199433]]",metre,1
4248,EPSG,4248,"GEOGCS[""PSAD56"", DATUM[""Provisional South American Datum 1956"", ELLIPSOID[""International 1924"", 6378388, 297]], PRIMEM[""Greenwich"", 0], UNIT[""Degree"", 0.0174532925199433]]",metre,1
4249,EPSG,4249,"GEOGCS[""Lake"", DATUM[""Lake"", ELLIPSOID[""International 1924"", 6378388, 297]], PRIMEM[""Greenwich"", 0], UNIT[""Degree"", 0.0174532925199433]]",metre,1
4250,EPSG,4250,"GEOGCS[""Leigon"", DATUM[""Leigon"", ELLIPSOID[""Clarke 1880 (RGS)"", 6378249.145, 293.465]], PRIMEM[""Greenwich"", 0], UNIT[""Degree"", 0.0174532925199433]]",metre,1
4251,EPSG,4251,"GEOGCS[""Liberia 1964"", DATUM[""Liberia 1964"", ELLIPSOID[""Clarke 1880 (RGS)"", 6378249.145, 293.465]], PRIMEM[""Greenwich"", 0], UNIT[""Degree"", 0.0174532925199433]]",metre,1
4252,EPSG,4252,"GEOGCS[""Lome"", DATUM[""Lome"", ELLIPSOID[""Clarke 1880 (IGN)"", 6378249.2, 293.466021293627]], PRIMEM[""Greenwich"", 0], UNIT[""Degree"", 0.0174532925199433]]",metre,1
4253,EPSG,4253,"GEOGCS[""Luzon 1911"", DATUM[""Luzon 1911"", ELLIPSOID[""Clarke 1866"", 6378206.4, 294.978698213898]], PRIMEM[""Greenwich"", 0], UNIT[""Degree"", 0.0174532925199433]]",metre,1
4254,EPSG,4254,"GEOGCS[""Hito XVIII 1963"", DATUM[""Hito XVIII 1963"", ELLIPSOID[""International 1924"", 6378388, 297]], PRIMEM[""Greenwich"", 0], UNIT[""Degree"", 0.0174532925199433]]",metre,1
4255,EPSG,4255,"GEOGCS[""Herat North"", DATUM[""Herat North"", ELLIPSOID[""International 1924"", 6378388, 297]], PRIMEM[""Greenwich"", 0], UNIT[""Degree"", 0.0174532925199433]]",metre,1
4256,EPSG,4256,"GEOGCS[""Mahe 1971"", DATUM[""Mahe 1971"", ELLIPSOID[""Clarke 1880 (RGS)"", 6378249.145, 293.465]], PRIMEM[""Greenwich"", 0], UNIT[""Degree"", 0.0174532925199433]]",metre,1
4257,EPSG,4257,"GEOGCS[""Makassar"", DATUM[""Makassar"", ELLIPSOID[""Bessel 1841"", 6377397.155, 299.1528128]], PRIMEM[""Greenwich"", 0], UNIT[""Degree"", 0.0174532925199433]]",metre,1
4258,EPSG,4258,"GEOGCS[""ETRS89"", DATUM[""European Terrestrial Reference System 1989"", ELLIPSOID[""GRS 1980"", 6378137, 298.257222101]], PRIMEM[""Greenwich"", 0], UNIT[""Degree"", 0.0174532925199433]]",metre,1
4259,EPSG,4259,"GEOGCS[""Malongo 1987"", DATUM[""Malongo 1987"", ELLIPSOID[""International 1924"", 6378388, 297]], PRIMEM[""Greenwich"", 0], UNIT[""Degree"", 0.0174532925199433]]",metre,1
4261,EPSG,4261,"GEOGCS[""Merchich"", DATUM[""Merchich"", ELLIPSOID[""Clarke 1880 (IGN)"", 6378249.2, 293.466021293627]], PRIMEM[""Greenwich"", 0], UNIT[""Degree"", 0.0174532925199433]]",metre,1
4262,EPSG,4262,"GEOGCS[""Massawa"", DATUM[""Massawa"", ELLIPSOID[""Bessel 1841"", 6377397.155, 299.1528128]], PRIMEM[""Greenwich"", 0], UNIT[""Degree"", 0.0174532925199433]]",metre,1
4263,EPSG,4263,"GEOGCS[""Minna"", DATUM[""Minna"", ELLIPSOID[""Clarke 1880 (RGS)"", 6378249.145, 293.465]], PRIMEM[""Greenwich"", 0], UNIT[""Degree"", 0.0174532925199433]]",metre,1
4265,EPSG,4265,"GEOGCS[""Monte Mario"", DATUM[""Monte Mario"", ELLIPSOID[""International 1924"", 6378388, 297]], PRIMEM[""Greenwich"", 0], UNIT[""Degree"", 0.0174532925199433]]",metre,1
4266,EPSG,4266,"GEOGCS[""M'poraloko"", DATUM[""M'poraloko"", ELLIPSOID[""Clarke 1880 (IGN)"", 6378249.2, 293.466021293627]], PRIMEM[""Greenwich"", 0], UNIT[""Degree"", 0.0174532925199433]]",metre,1
4267,EPSG,4267,"GEOGCS[""NAD27"", DATUM[""North American Datum 1927"", ELLIPSOID[""Clarke 1866"", 6378206.4, 294.978698213898]], PRIMEM[""Greenwich"", 0], UNIT[""Degree"", 0.0174532925199433]]",metre,1
4268,EPSG,4268,"GEOGCS[""NAD27 Michigan"", DATUM[""NAD Michigan"", ELLIPSOID[""Clarke 1866 Michigan"", 6378450.0475489, 294.978697164674]], PRIMEM[""Greenwich"", 0], UNIT[""Degree"", 0.0174532925199433]]",US survey foot,0.30480061
4269,EPSG,4269,"GEOGCS[""NAD83"", DATUM[""North American Datum 1983"", ELLIPSOID[""GRS 1980"", 6378137, 298.257222101]], PRIMEM[""Greenwich"", 0], UNIT[""Degree"", 0.0174532925199433]]",metre,1
4270,EPSG,4270,"GEOGCS[""Nahrwan 1967"", DATUM[""Nahrwan 1967"", ELLIPSOID[""Clarke 1880 (RGS)"", 6378249.145, 293.465]], PRIMEM[""Greenwich"", 0], UNIT[""Degree"", 0.0174532925199433]]",metre,1
4271,EPSG,4271,"GEOGCS[""Naparima 1972"", DATUM[""Naparima 1972"", ELLIPSOID[""International 1924"", 6378388, 297]], PRIMEM[""Greenwich"", 0], UNIT[""Degree"", 0.0174532925199433]]",metre,1
4272,EPSG,4272,"GEOGCS[""NZGD49"", DATUM[""New Zealand Geodetic Datum 1949"", ELLIPSOID[""International 1924"", 6378388, 297]], PRIMEM[""Greenwich"", 0], UNIT[""Degree"", 0.0174532925199433]]",metre,1
4273,EPSG,4273,"GEOGCS[""NGO 1948"", DATUM[""NGO 1948"", ELLIPSOID[""Bessel Modified"", 6377492.018, 299.1528128]], PRIMEM[""Greenwich"", 0], UNIT[""Degree"", 0.0174532925199433]]",metre,1
4274,EPSG,4274,"GEOGCS[""Datum 73"", DATUM[""Datum 73"", ELLIPSOID[""International 1924"", 6378388, 297]], PRIMEM[""Greenwich"", 0], UNIT[""Degree"", 0.0174532925199433]]",metre,1
4275,EPSG,4275,"GEOGCS[""NTF"", DATUM[""Nouvelle Triangulation Francaise"", ELLIPSOID[""Clarke 1880 (IGN)"", 6378249.2, 293.466021293627]], PRIMEM[""Greenwich"", 0], UNIT[""Degree"", 0.0174532925199433]]",metre,1
4276,EPSG,4276,"GEOGCS[""NSWC 9Z-2"", DATUM[""NSWC 9Z-2"", ELLIPSOID[""NWL 9D"", 6378145, 298.25]], PRIMEM[""Greenwich"", 0], UNIT[""Degree"", 0.0174532925199433]]",metre,1
4277,EPSG,4277,"GEOGCS[""OSGB 1936"", DATUM[""OSGB 1936"", ELLIPSOID[""Airy 1830"", 6377563.396, 299.3249646]], PRIMEM[""Greenwich"", 0], UNIT[""Degree"", 0.0174532925199433]]",metre,1
4278,EPSG,4278,"GEOGCS[""OSGB70"", DATUM[""OSGB 1970 (SN)"", ELLIPSOID[""Airy 1830"", 6377563.396, 299.3249646]], PRIMEM[""Greenwich"", 0], UNIT[""Degree"", 0.0174532925199433]]",metre,1
4279,EPSG,4279,"GEOGCS[""OS(SN)80"", DATUM[""OS (SN) 1980"", ELLIPSOID[""Airy 1830"", 6377563.396, 299.3249646]], PRIMEM[""Greenwich"", 0], UNIT[""Degree"", 0.0174532925199433]]",metre,1
4280,EPSG,4280,"GEOGCS[""Padang"", DATUM[""Padang 1884"", ELLIPSOID[""Bessel 1841"", 6377397.155, 299.1528128]], PRIMEM[""Greenwich"", 0], UNIT[""Degree"", 0.0174532925199433]]",metre,1
4281,EPSG,4281,"GEOGCS[""Palestine 1923"", DATUM[""Palestine 1923"", ELLIPSOID[""Clarke 1880 (Benoit)"", 6378300.789, 293.466315538981]], PRIMEM[""Greenwich"", 0], UNIT[""Degree"", 0.0174532925199433]]",metre,1
4282,EPSG,4282,"GEOGCS[""Pointe Noire"", DATUM[""Congo 1960 Pointe Noire"", ELLIPSOID[""Clarke 1880 (IGN)"", 6378249.2, 293.466021293627]], PRIMEM[""Greenwich"", 0], UNIT[""Degree"", 0.0174532925199433]]",metre,1
4283,EPSG,4283,"GEOGCS[""GDA94"", DATUM[""Geocentric Datum of Australia 1994"", ELLIPSOID[""GRS 1980"", 6378137, 298.257222101]], PRIMEM[""Greenwich"", 0], UNIT[""Degree"", 0.0174532925199433]]",metre,1
4284,EPSG,4284,"GEOGCS[""Pulkovo 1942"", DATUM[""Pulkovo 1942"", ELLIPSOID[""Krassowsky 1940"", 6378245, 298.3]], PRIMEM[""Greenwich"", 0], UNIT[""Degree"", 0.0174532925199433]]",metre,1
4285,EPSG,4285,"GEOGCS[""Qatar 1974"", DATUM[""Qatar 1974"", ELLIPSOID[""International 1924"", 6378388, 297]], PRIMEM[""Greenwich"", 0], UNIT[""Degree"", 0.0174532925199433]]",metre,1
4286,EPSG,4286,"GEOGCS[""Qatar 1948"", DATUM[""Qatar 1948"", ELLIPSOID[""Helmert 1906"", 6378200, 298.3]], PRIMEM[""Greenwich"", 0], UNIT[""Degree"", 0.0174532925199433]]",metre,1
4288,EPSG,4288,"GEOGCS[""Loma Quintana"", DATUM[""Loma Quintana"", ELLIPSOID[""International 1924"", 6378388, 297]], PRIMEM[""Greenwich"", 0], UNIT[""Degree"", 0.0174532925199433]]",metre,1
4289,EPSG,4289,"GEOGCS[""Amersfoort"", DATUM[""Amersfoort"", ELLIPSOID[""Bessel 1841"", 6377397.155, 299.1528128]], PRIMEM[""Greenwich"", 0], UNIT[""Degree"", 0.0174532925199433]]",metre,1
4292,EPSG,4292,"GEOGCS[""Sapper Hill 1943"", DATUM[""Sapper Hill 1943"", ELLIPSOID[""International 1924"", 6378388, 297]], PRIMEM[""Greenwich"", 0], UNIT[""Degree"", 0.0174532925199433]]",metre,1
4293,EPSG,4293,"GEOGCS[""Schwarzeck"", DATUM[""Schwarzeck"", ELLIPSOID[""Bessel Namibia (GLM)"", 6377483.86528042, 299.1528128]], PRIMEM[""Greenwich"", 0], UNIT[""Degree"", 0.0174532925199433]]",German legal metre,1.000013597
4295,EPSG,4295,"GEOGCS[""Serindung"", DATUM[""Serindung"", ELLIPSOID[""Bessel 1841"", 6377397.155, 299.1528128]], PRIMEM[""Greenwich"", 0], UNIT[""Degree"", 0.0174532925199433]]",metre,1
4297,EPSG,4297,"GEOGCS[""Tananarive"", DATUM[""Tananarive 1925"", ELLIPSOID[""International 1924"", 6378388, 297]], PRIMEM[""Greenwich"", 0], UNIT[""Degree"", 0.0174532925199433]]",metre,1
4298,EPSG,4298,"GEOGCS[""Timbalai 1948"", DATUM[""Timbalai 1948"", ELLIPSOID[""Everest 1830 (1967 Definition)"", 6377298.556, 300.8017]], PRIMEM[""Greenwich"", 0], UNIT[""Degree"", 0.0174532925199433]]",metre,1
4299,EPSG,4299,"GEOGCS[""TM65"", DATUM[""TM65"", ELLIPSOID[""Airy Modified 1849"", 6377340.189, 299.3249646]], PRIMEM[""Greenwich"", 0], UNIT[""Degree"", 0.0174532925199433]]",metre,1
4300,EPSG,4300,"GEOGCS[""TM75"", DATUM[""Geodetic Datum of 1965"", ELLIPSOID[""Airy Modified 1849"", 6377340.189, 299.3249646]], PRIMEM[""Greenwich"", 0], UNIT[""Degree"", 0.0174532925199433]]",metre,1
4301,EPSG,4301,"GEOGCS[""Tokyo"", DATUM[""Tokyo"", ELLIPSOID[""Bessel 1841"", 6377397.155, 299.1528128]], PRIMEM[""Greenwich"", 0], UNIT[""Degree"", 0.0174532925199433]]",metre,1
4302,EPSG,4302,"GEOGCS[""Trinidad 1903"", DATUM[""Trinidad 1903"", ELLIPSOID[""Clarke 1858"", 6378293.64520876, 294.260676369261]], PRIMEM[""Greenwich"", 0], UNIT[""Degree"", 0.0174532925199433]]",Clarke's foot,0.304797265
4303,EPSG,4303,"GEOGCS[""TC(1948)"", DATUM[""Trucial Coast 1948"", ELLIPSOID[""Helmert 1906"", 6378200, 298.3]], PRIMEM[""Greenwich"", 0], UNIT[""Degree"", 0.0174532925199433]]",metre,1
4304,EPSG,4304,"GEOGCS[""Voirol 1875"", DATUM[""Voirol 1875"", ELLIPSOID[""Clarke 1880 (IGN)"", 6378249.2, 293.466021293627]], PRIMEM[""Greenwich"", 0], UNIT[""Degree"", 0.0174532925199433]]",metre,1
4306,EPSG,4306,"GEOGCS[""Bern 1938"", DATUM[""Bern 1938"", ELLIPSOID[""Bessel 1841"", 6377397.155, 299.1528128]], PRIMEM[""Greenwich"", 0], UNIT[""Degree"", 0.0174532925199433]]",metre,1
4307,EPSG,4307,"GEOGCS[""Nord Sahara 1959"", DATUM[""Nord Sahara 1959"", ELLIPSOID[""Clarke 1880 (RGS)"", 6378249.145, 293.465]], PRIMEM[""Greenwich"", 0], UNIT[""Degree"", 0.0174532925199433]]",metre,1
4308,EPSG,4308,"GEOGCS[""RT38"", DATUM[""Stockholm 1938"", ELLIPSOID[""Bessel 1841"", 6377397.155, 299.1528128]], PRIMEM[""Greenwich"", 0], UNIT[""Degree"", 0.0174532925199433]]",metre,1
4309,EPSG,4309,"GEOGCS[""Yacare"", DATUM[""Yacare"", ELLIPSOID[""International 1924"", 6378388, 297]], PRIMEM[""Greenwich"", 0], UNIT[""Degree"", 0.0174532925199433]]",metre,1
4310,EPSG,4310,"GEOGCS[""Yoff"", DATUM[""Yoff"", ELLIPSOID[""Clarke 1880 (IGN)"", 6378249.2, 293.466021293627]], PRIMEM[""Greenwich"", 0], UNIT[""Degree"", 0.0174532925199433]]",metre,1
4311,EPSG,4311,"GEOGCS[""Zanderij"", DATUM[""Zanderij"", ELLIPSOID[""International 1924"", 6378388, 297]], PRIMEM[""Greenwich"", 0], UNIT[""Degree"", 0.0174532925199433]]",metre,1
4312,EPSG,4312,"GEOGCS[""MGI"", DATUM[""Militar-Geographische Institut"", ELLIPSOID[""Bessel 1841"", 6377397.155, 299.1528128]], PRIMEM[""Greenwich"", 0], UNIT[""Degree"", 0.0174532925199433]]",metre,1
4313,EPSG,4313,"GEOGCS[""Belge 1972"", DATUM[""Reseau National Belge 1972"", ELLIPSOID[""International 1924"", 6378388, 297]], PRIMEM[""Greenwich"", 0], UNIT[""Degree"", 0.0174532925199433]]",metre,1
4314,EPSG,4314,"GEOGCS[""DHDN"", DATUM[""Deutsches Hauptdreiecksnetz"", ELLIPSOID[""Bessel 1841"", 6377397.155, 299.1528128]], PRIMEM[""Greenwich"", 0], UNIT[""Degree"", 0.0174532925199433]]",metre,1
4315,EPSG,4315,"GEOGCS[""Conakry 1905"", DATUM[""Conakry 1905"", ELLIPSOID[""Clarke 1880 (IGN)"", 6378249.2, 293.466021293627]], PRIMEM[""Greenwich"", 0], UNIT[""Degree"", 0.0174532925199433]]",metre,1
4316,EPSG,4316,"GEOGCS[""Dealul Piscului 1933"", DATUM[""Dealul Piscului 1933"", ELLIPSOID[""International 1924"", 6378388, 297]], PRIMEM[""Greenwich"", 0], UNIT[""Degree"", 0.0174532925199433]]",metre,1
4317,EPSG,4317,"GEOGCS[""Dealul Piscului 1970"", DATUM[""Dealul Piscului 1970"", ELLIPSOID[""Krassowsky 1940"", 6378245, 298.3]], PRIMEM[""Greenwich"", 0], UNIT[""Degree"", 0.0174532925199433]]",metre,1
4318,EPSG,4318,"GEOGCS[""NGN"", DATUM[""National Geodetic Network"", ELLIPSOID[""WGS 84"", 6378137, 298.257223563]], PRIMEM[""Greenwich"", 0], UNIT[""Degree"", 0.0174532925199433]]",metre,1
4319,EPSG,4319,"GEOGCS[""KUDAMS"", DATUM[""Kuwait Utility"", ELLIPSOID[""GRS 1980"", 6378137, 298.257222101]], PRIMEM[""Greenwich"", 0], UNIT[""Degree"", 0.0174532925199433]]",metre,1
4322,EPSG,4322,"GEOGCS[""WGS 72"", DATUM[""World Geodetic System 1972"", ELLIPSOID[""WGS 72"", 6378135, 298.26]], PRIMEM[""Greenwich"", 0], UNIT[""Degree"", 0.0174532925199433]]",metre,1
4324,EPSG,4324,"GEOGCS[""WGS 72BE"", DATUM[""WGS 72 Transit Broadcast Ephemeris"", ELLIPSOID[""WGS 72"", 6378135, 298.26]], PRIMEM[""Greenwich"", 0], UNIT[""Degree"", 0.0174532925199433]]",metre,1
4326,EPSG,4326,"GEOGCS[""WGS 84"", DATUM[""World Geodetic System 1984"", ELLIPSOID[""WGS 84"", 6378137, 298.257223563]], PRIMEM[""Greenwich"", 0], UNIT[""Degree"", 0.0174532925199433]]",metre,1
4600,EPSG,4600,"GEOGCS[""Anguilla 1957"", DATUM[""Anguilla 1957"", ELLIPSOID[""Clarke 1880 (RGS)"", 6378249.145, 293.465]], PRIMEM[""Greenwich"", 0], UNIT[""Degree"", 0.0174532925199433]]",metre,1
4601,EPSG,4601,"GEOGCS[""Antigua 1943"", DATUM[""Antigua 1943"", ELLIPSOID[""Clarke 1880 (RGS)"", 6378249.145, 293.465]], PRIMEM[""Greenwich"", 0], UNIT[""Degree"", 0.0174532925199433]]",metre,1
4602,EPSG,4602,"GEOGCS[""Dominica 1945"", DATUM[""Dominica 1945"", ELLIPSOID[""Clarke 1880 (RGS)"", 6378249.145, 293.465]], PRIMEM[""Greenwich"", 0], UNIT[""Degree"", 0.0174532925199433]]",metre,1
4603,EPSG,4603,"GEOGCS[""Grenada 1953"", DATUM[""Grenada 1953"", ELLIPSOID[""Clarke 1880 (RGS)"", 6378249.145, 293.465]], PRIMEM[""Greenwich"", 0], UNIT[""Degree"", 0.0174532925199433]]",metre,1
4604,EPSG,4604,"GEOGCS[""Montserrat 1958"", DATUM[""Montserrat 1958"", ELLIPSOID[""Clarke 1880 (RGS)"", 6378249.145, 293.465]], PRIMEM[""Greenwich"", 0], UNIT[""Degree"", 0.0174532925199433]]",metre,1
4605,EPSG,4605,"GEOGCS[""St. Kitts 1955"", DATUM[""St. Kitts 1955"", ELLIPSOID[""Clarke 1880 (RGS)"", 6378249.145, 293.465]], PRIMEM[""Greenwich"", 0], UNIT[""Degree"", 0.0174532925199433]]",metre,1
4606,EPSG,4606,"GEOGCS[""St. Lucia 1955"", DATUM[""St. Lucia 1955"", ELLIPSOID[""Clarke 1880 (RGS)"", 6378249.145, 293.465]], PRIMEM[""Greenwich"", 0], UNIT[""Degree"", 0.0174532925199433]]",metre,1
4607,EPSG,4607,"GEOGCS[""St. Vincent 1945"", DATUM[""St. Vincent 1945"", ELLIPSOID[""Clarke 1880 (RGS)"", 6378249.145, 293.465]], PRIMEM[""Greenwich"", 0], UNIT[""Degree"", 0.0174532925199433]]",metre,1
4608,EPSG,4608,"GEOGCS[""NAD27(76)"", DATUM[""North American Datum 1927 (1976)"", ELLIPSOID[""Clarke 1866"", 6378206.4, 294.978698213898]], PRIMEM[""Greenwich"", 0], UNIT[""Degree"", 0.0174532925199433]]",metre,1
4609,EPSG,4609,"GEOGCS[""NAD27(CGQ77)"", DATUM[""North American Datum 1927 (CGQ77)"", ELLIPSOID[""Clarke 1866"", 6378206.4, 294.978698213898]], PRIMEM[""Greenwich"", 0], UNIT[""Degree"", 0.0174532925199433]]",metre,1
4610,EPSG,4610,"GEOGCS[""Xian 1980"", DATUM[""Xian 1980"", ELLIPSOID[""Xian 1980"", 6378140, 298.257]], PRIMEM[""Greenwich"", 0], UNIT[""Degree"", 0.0174532925199433]]",metre,1
4611,EPSG,4611,"GEOGCS[""Hong Kong 1980"", DATUM[""Hong Kong 1980"", ELLIPSOID[""International 1924"", 6378388, 297]], PRIMEM[""Greenwich"", 0], UNIT[""Degree"", 0.0174532925199433]]",metre,1
4612,EPSG,4612,"GEOGCS[""JGD2000"", DATUM[""Japanese Geodetic Datum 2000"", ELLIPSOID[""GRS 1980"", 6378137, 298.257222101]], PRIMEM[""Greenwich"", 0], UNIT[""Degree"", 0.0174532925199433]]",metre,1
4613,EPSG,4613,"GEOGCS[""Segara"", DATUM[""Gunung Segara"", ELLIPSOID[""Bessel 1841"", 6377397.155, 299.1528128]], PRIMEM[""Greenwich"", 0], UNIT[""Degree"", 0.0174532925199433]]",metre,1
4614,EPSG,4614,"GEOGCS[""QND95"", DATUM[""Qatar National Datum 1995"", ELLIPSOID[""International 1924"", 6378388, 297]], PRIMEM[""Greenwich"", 0], UNIT[""Degree"", 0.0174532925199433]]",metre,1
4615,EPSG,4615,"GEOGCS[""Porto Santo"", DATUM[""Porto Santo 1936"", ELLIPSOID[""International 1924"", 6378388, 297]], PRIMEM[""Greenwich"", 0], UNIT[""Degree"", 0.0174532925199433]]",metre,1
4616,EPSG,4616,"GEOGCS[""Selvagem Grande"", DATUM[""Selvagem Grande"", ELLIPSOID[""International 1924"", 6378388, 297]], PRIMEM[""Greenwich"", 0], UNIT[""Degree"", 0.0174532925199433]]",metre,1
4617,EPSG,4617,"GEOGCS[""NAD83(CSRS)"", DATUM[""NAD83 Canadian Spatial Reference System"", ELLIPSOID[""GRS 1980"", 6378137, 298.257222101]], PRIMEM[""Greenwich"", 0], UNIT[""Degree"", 0.0174532925199433]]",metre,1
4618,EPSG,4618,"GEOGCS[""SAD69"", DATUM[""South American Datum 1969"", ELLIPSOID[""GRS 1967 (SAD69)"", 6378160, 298.25]], PRIMEM[""Greenwich"", 0], UNIT[""Degree"", 0.0174532925199433]]",metre,1
4619,EPSG,4619,"GEOGCS[""SWEREF99"", DATUM[""SWEREF99"", ELLIPSOID[""GRS 1980"", 6378137, 298.257222101]], PRIMEM[""Greenwich"", 0], UNIT[""Degree"", 0.0174532925199433]]",metre,1
4620,EPSG,4620,"GEOGCS[""Point 58"", DATUM[""Point 58"", ELLIPSOID[""Clarke 1880 (RGS)"", 6378249.145, 293.465]], PRIMEM[""Greenwich"", 0], UNIT[""Degree"", 0.0174532925199433]]",metre,1
4621,EPSG,4621,"GEOGCS[""Fort Marigot"", DATUM[""Fort Marigot"", ELLIPSOID[""International 1924"", 6378388, 297]], PRIMEM[""Greenwich"", 0], UNIT[""Degree"", 0.0174532925199433]]",metre,1
4622,EPSG,4622,"GEOGCS[""Guadeloupe 1948"", DATUM[""Guadeloupe 1948"", ELLIPSOID[""International 1924"", 6378388, 297]], PRIMEM[""Greenwich"", 0], UNIT[""Degree"", 0.0174532925199433]]",metre,1
4623,EPSG,4623,"GEOGCS[""CSG67"", DATUM[""Centre Spatial Guyanais 1967"", ELLIPSOID[""International 1924"", 6378388, 297]], PRIMEM[""Greenwich"", 0], UNIT[""Degree"", 0.0174532925199433]]",metre,1
4624,EPSG,4624,"GEOGCS[""RGFG95"", DATUM[""Reseau Geodesique Francais Guyane 1995"", ELLIPSOID[""GRS 1980"", 6378137, 298.257222101]], PRIMEM[""Greenwich"", 0], UNIT[""Degree"", 0.0174532925199433]]",metre,1
4625,EPSG,4625,"GEOGCS[""Martinique 1938"", DATUM[""Martinique 1938"", ELLIPSOID[""International 1924"", 6378388, 297]], PRIMEM[""Greenwich"", 0], UNIT[""Degree"", 0.0174532925199433]]",metre,1
4626,EPSG,4626,"GEOGCS[""Reunion 1947"", DATUM[""Reunion 1947"", ELLIPSOID[""International 1924"", 6378388, 297]], PRIMEM[""Greenwich"", 0], UNIT[""Degree"", 0.0174532925199433]]",metre,1
4627,EPSG,4627,"GEOGCS[""RGR92"", DATUM[""Reseau Geodesique de la Reunion 1992"", ELLIPSOID[""GRS 1980"", 6378137, 298.257222101]], PRIMEM[""Greenwich"", 0], UNIT[""Degree"", 0.0174532925199433]]",metre,1
4628,EPSG,4628,"GEOGCS[""Tahiti 52"", DATUM[""Tahiti 52"", ELLIPSOID[""International 1924"", 6378388, 297]], PRIMEM[""Greenwich"", 0], UNIT[""Degree"", 0.0174532925199433]]",metre,1
4629,EPSG,4629,"GEOGCS[""Tahaa 54"", DATUM[""Tahaa 54"", ELLIPSOID[""International 1924"", 6378388, 297]], PRIMEM[""Greenwich"", 0], UNIT[""Degree"", 0.0174532925199433]]",metre,1
4630,EPSG,4630,"GEOGCS[""IGN72 Nuku Hiva"", DATUM[""IGN72 Nuku Hiva"", ELLIPSOID[""International 1924"", 6378388, 297]], PRIMEM[""Greenwich"", 0], UNIT[""Degree"", 0.0174532925199433]]",metre,1
4632,EPSG,4632,"GEOGCS[""Combani 1950"", DATUM[""Combani 1950"", ELLIPSOID[""International 1924"", 6378388, 297]], PRIMEM[""Greenwich"", 0], UNIT[""Degree"", 0.0174532925199433]]",metre,1
4633,EPSG,4633,"GEOGCS[""IGN56 Lifou"", DATUM[""IGN56 Lifou"", ELLIPSOID[""International 1924"", 6378388, 297]], PRIMEM[""Greenwich"", 0], UNIT[""Degree"", 0.0174532925199433]]",metre,1
4636,EPSG,4636,"GEOGCS[""Petrels 1972"", DATUM[""Petrels 1972"", ELLIPSOID[""International 1924"", 6378388, 297]], PRIMEM[""Greenwich"", 0], UNIT[""Degree"", 0.0174532925199433]]",metre,1
4637,EPSG,4637,"GEOGCS[""Perroud 1950"", DATUM[""Pointe Geologie Perroud 1950"", ELLIPSOID[""International 1924"", 6378388, 297]], PRIMEM[""Greenwich"", 0], UNIT[""Degree"", 0.0174532925199433]]",metre,1
4638,EPSG,4638,"GEOGCS[""Saint Pierre et Miquelon 1950"", DATUM[""Saint Pierre et Miquelon 1950"", ELLIPSOID[""Clarke 1866"", 6378206.4, 294.978698213898]], PRIMEM[""Greenwich"", 0], UNIT[""Degree"", 0.0174532925199433]]",metre,1
4639,EPSG,4639,"GEOGCS[""MOP78"", DATUM[""MOP78"", ELLIPSOID[""International 1924"", 6378388, 297]], PRIMEM[""Greenwich"", 0], UNIT[""Degree"", 0.0174532925199433]]",metre,1
4640,EPSG,4640,"GEOGCS[""RRAF 1991"", DATUM[""Reseau de Reference des Antilles Francaises 1991"", ELLIPSOID[""WGS 84"", 6378137, 298.257223563]], PRIMEM[""Greenwich"", 0], UNIT[""Degree"", 0.0174532925199433]]",metre,1
4641,EPSG,4641,"GEOGCS[""IGN53 Mare"", DATUM[""IGN53 Mare"", ELLIPSOID[""International 1924"", 6378388, 297]], PRIMEM[""Greenwich"", 0], UNIT[""Degree"", 0.0174532925199433]]",metre,1
4642,EPSG,4642,"GEOGCS[""ST84 Ile des Pins"", DATUM[""ST84 Ile des Pins"", ELLIPSOID[""International 1924"", 6378388, 297]], PRIMEM[""Greenwich"", 0], UNIT[""Degree"", 0.0174532925199433]]",metre,1
4643,EPSG,4643,"GEOGCS[""ST71 Belep"", DATUM[""ST71 Belep"", ELLIPSOID[""International 1924"", 6378388, 297]], PRIMEM[""Greenwich"", 0], UNIT[""Degree"", 0.0174532925199433]]",metre,1
4644,EPSG,4644,"GEOGCS[""NEA74 Noumea"", DATUM[""NEA74 Noumea"", ELLIPSOID[""International 1924"", 6378388, 297]], PRIMEM[""Greenwich"", 0], UNIT[""Degree"", 0.0174532925199433]]",metre,1
4646,EPSG,4646,"GEOGCS[""Grand Comoros"", DATUM[""Grand Comoros"", ELLIPSOID[""International 1924"", 6378388, 297]], PRIMEM[""Greenwich"", 0], UNIT[""Degree"", 0.0174532925199433]]",metre,1
4657,EPSG,4657,"GEOGCS[""Reykjavik 1900"", DATUM[""Reykjavik 1900"", ELLIPSOID[""Danish 1876"", 6377019.27, 300]], PRIMEM[""Greenwich"", 0], UNIT[""Degree"", 0.0174532925199433]]",metre,1
4658,EPSG,4658,"GEOGCS[""Hjorsey 1955"", DATUM[""Hjorsey 1955"", ELLIPSOID[""International 1924"", 6378388, 297]], PRIMEM[""Greenwich"", 0], UNIT[""Degree"", 0.0174532925199433]]",metre,1
4659,EPSG,4659,"GEOGCS[""ISN93"", DATUM[""Islands Network 1993"", ELLIPSOID[""GRS 1980"", 6378137, 298.257222101]], PRIMEM[""Greenwich"", 0], UNIT[""Degree"", 0.0174532925199433]]",metre,1
4660,EPSG,4660,"GEOGCS[""Helle 1954"", DATUM[""Helle 1954"", ELLIPSOID[""International 1924"", 6378388, 297]], PRIMEM[""Greenwich"", 0], UNIT[""Degree"", 0.0174532925199433]]",metre,1
4661,EPSG,4661,"GEOGCS[""LKS92"", DATUM[""Latvia 1992"", ELLIPSOID[""GRS 1980"", 6378137, 298.257222101]], PRIMEM[""Greenwich"", 0], UNIT[""Degree"", 0.0174532925199433]]",metre,1
4662,EPSG,4662,"GEOGCS[""IGN72 Grande Terre"", DATUM[""IGN72 Grande Terre"", ELLIPSOID[""International 1924"", 6378388, 297]], PRIMEM[""Greenwich"", 0], UNIT[""Degree"", 0.0174532925199433]]",metre,1
4663,EPSG,4663,"GEOGCS[""Porto Santo 1995"", DATUM[""Porto Santo 1995"", ELLIPSOID[""International 1924"", 6378388, 297]], PRIMEM[""Greenwich"", 0], UNIT[""Degree"", 0.0174532925199433]]",metre,1
4664,EPSG,4664,"GEOGCS[""Azores Oriental 1995"", DATUM[""Azores Oriental Islands 1995"", ELLIPSOID[""International 1924"", 6378388, 297]], PRIMEM[""Greenwich"", 0], UNIT[""Degree"", 0.0174532925199433]]",metre,1
4665,EPSG,4665,"GEOGCS[""Azores Central 1995"", DATUM[""Azores Central Islands 1995"", ELLIPSOID[""International 1924"", 6378388, 297]], PRIMEM[""Greenwich"", 0], UNIT[""Degree"", 0.0174532925199433]]",metre,1
4666,EPSG,4666,"GEOGCS[""Lisbon 1890"", DATUM[""Lisbon 1890"", ELLIPSOID[""Bessel 1841"", 6377397.155, 299.1528128]], PRIMEM[""Greenwich"", 0], UNIT[""Degree"", 0.0174532925199433]]",metre,1
4667,EPSG,4667,"GEOGCS[""IKBD-92"", DATUM[""Iraq-Kuwait Boundary Datum 1992"", ELLIPSOID[""WGS 84"", 6378137, 298.257223563]], PRIMEM[""Greenwich"", 0], UNIT[""Degree"", 0.0174532925199433]]",metre,1
4668,EPSG,4668,"GEOGCS[""ED79"", DATUM[""European Datum 1979"", ELLIPSOID[""International 1924"", 6378388, 297]], PRIMEM[""Greenwich"", 0], UNIT[""Degree"", 0.0174532925199433]]",metre,1
4669,EPSG,4669,"GEOGCS[""LKS94"", DATUM[""Lithuania 1994 (ETRS89)"", ELLIPSOID[""GRS 1980"", 6378137, 298.257222101]], PRIMEM[""Greenwich"", 0], UNIT[""Degree"", 0.0174532925199433]]",metre,1
4670,EPSG,4670,"GEOGCS[""IGM95"", DATUM[""Istituto Geografico Militaire 1995"", ELLIPSOID[""WGS 84"", 6378137, 298.257223563]], PRIMEM[""Greenwich"", 0], UNIT[""Degree"", 0.0174532925199433]]",metre,1
4671,EPSG,4671,"GEOGCS[""Voirol 1879"", DATUM[""Voirol 1879"", ELLIPSOID[""Clarke 1880 (IGN)"", 6378249.2, 293.466021293627]], PRIMEM[""Greenwich"", 0], UNIT[""Degree"", 0.0174532925199433]]",metre,1
4672,EPSG,4672,"GEOGCS[""CI1971"", DATUM[""Chatham Islands Datum 1971"", ELLIPSOID[""International 1924"", 6378388, 297]], PRIMEM[""Greenwich"", 0], UNIT[""Degree"", 0.0174532925199433]]",metre,1
4673,EPSG,4673,"GEOGCS[""CI1979"", DATUM[""Chatham Islands Datum 1979"", ELLIPSOID[""International 1924"", 6378388, 297]], PRIMEM[""Greenwich"", 0], UNIT[""Degree"", 0.0174532925199433]]",metre,1
4674,EPSG,4674,"GEOGCS[""SIRGAS 2000"", DATUM[""Sistema de Referencia Geocentrico para America del Sur 2000"", ELLIPSOID[""GRS 1980"", 6378137, 298.257222101]], PRIMEM[""Greenwich"", 0], UNIT[""Degree"", 0.0174532925199433]]",metre,1
4675,EPSG,4675,"GEOGCS[""Guam 1963"", DATUM[""Guam 1963"", ELLIPSOID[""Clarke 1866"", 6378206.4, 294.978698213898]], PRIMEM[""Greenwich"", 0], UNIT[""Degree"", 0.0174532925199433]]",metre,1
4676,EPSG,4676,"GEOGCS[""Vientiane 1982"", DATUM[""Vientiane 1982"", ELLIPSOID[""Krassowsky 1940"", 6378245, 298.3]], PRIMEM[""Greenwich"", 0], UNIT[""Degree"", 0.0174532925199433]]",metre,1
4677,EPSG,4677,"GEOGCS[""Lao 1993"", DATUM[""Lao 1993"", ELLIPSOID[""Krassowsky 1940"", 6378245, 298.3]], PRIMEM[""Greenwich"", 0], UNIT[""Degree"", 0.0174532925199433]]",metre,1
4678,EPSG,4678,"GEOGCS[""Lao 1997"", DATUM[""Lao National Datum 1997"", ELLIPSOID[""Krassowsky 1940"", 6378245, 298.3]], PRIMEM[""Greenwich"", 0], UNIT[""Degree"", 0.0174532925199433]]",metre,1
4679,EPSG,4679,"GEOGCS[""Jouik 1961"", DATUM[""Jouik 1961"", ELLIPSOID[""Clarke 1880 (RGS)"", 6378249.145, 293.465]], PRIMEM[""Greenwich"", 0], UNIT[""Degree"", 0.0174532925199433]]",metre,1
4680,EPSG,4680,"GEOGCS[""Nouakchott 1965"", DATUM[""Nouakchott 1965"", ELLIPSOID[""Clarke 1880 (RGS)"", 6378249.145, 293.465]], PRIMEM[""Greenwich"", 0], UNIT[""Degree"", 0.0174532925199433]]",metre,1
4682,EPSG,4682,"GEOGCS[""Gulshan 303"", DATUM[""Gulshan 303"", ELLIPSOID[""Everest 1830 (1937 Adjustment)"", 6377276.345, 300.8017]], PRIMEM[""Greenwich"", 0], UNIT[""Degree"", 0.0174532925199433]]",metre,1
4683,EPSG,4683,"GEOGCS[""PRS92"", DATUM[""Philippine Reference System 1992"", ELLIPSOID[""Clarke 1866"", 6378206.4, 294.978698213898]], PRIMEM[""Greenwich"", 0], UNIT[""Degree"", 0.0174532925199433]]",metre,1
4684,EPSG,4684,"GEOGCS[""Gan 1970"", DATUM[""Gan 1970"", ELLIPSOID[""International 1924"", 6378388, 297]], PRIMEM[""Greenwich"", 0], UNIT[""Degree"", 0.0174532925199433]]",metre,1
4686,EPSG,4686,"GEOGCS[""MAGNA-SIRGAS"", DATUM[""Marco Geocentrico Nacional de Referencia"", ELLIPSOID[""GRS 1980"", 6378137, 298.257222101]], PRIMEM[""Greenwich"", 0], UNIT[""Degree"", 0.0174532925199433]]",metre,1
4687,EPSG,4687,"GEOGCS[""RGPF"", DATUM[""Reseau Geodesique de la Polynesie Francaise"", ELLIPSOID[""GRS 1980"", 6378137, 298.257222101]], PRIMEM[""Greenwich"", 0], UNIT[""Degree"", 0.0174532925199433]]",metre,1
4688,EPSG,4688,"GEOGCS[""Fatu Iva 72"", DATUM[""Fatu Iva 72"", ELLIPSOID[""International 1924"", 6378388, 297]], PRIMEM[""Greenwich"", 0], UNIT[""Degree"", 0.0174532925199433]]",metre,1
4689,EPSG,4689,"GEOGCS[""IGN63 Hiva Oa"", DATUM[""IGN63 Hiva Oa"", ELLIPSOID[""International 1924"", 6378388, 297]], PRIMEM[""Greenwich"", 0], UNIT[""Degree"", 0.0174532925199433]]",metre,1
4690,EPSG,4690,"GEOGCS[""Tahiti 79"", DATUM[""Tahiti 79"", ELLIPSOID[""International 1924"", 6378388, 297]], PRIMEM[""Greenwich"", 0], UNIT[""Degree"", 0.0174532925199433]]",metre,1
4691,EPSG,4691,"GEOGCS[""Moorea 87"", DATUM[""Moorea 87"", ELLIPSOID[""International 1924"", 6378388, 297]], PRIMEM[""Greenwich"", 0], UNIT[""Degree"", 0.0174532925199433]]",metre,1
4692,EPSG,4692,"GEOGCS[""Maupiti 83"", DATUM[""Maupiti 83"", ELLIPSOID[""International 1924"", 6378388, 297]], PRIMEM[""Greenwich"", 0], UNIT[""Degree"", 0.0174532925199433]]",metre,1
4693,EPSG,4693,"GEOGCS[""Nakhl-e Ghanem"", DATUM[""Nakhl-e Ghanem"", ELLIPSOID[""WGS 84"", 6378137, 298.257223563]], PRIMEM[""Greenwich"", 0], UNIT[""Degree"", 0.0174532925199433]]",metre,1
4694,EPSG,4694,"GEOGCS[""POSGAR 94"", DATUM[""Posiciones Geodesicas Argentinas 1994"", ELLIPSOID[""GRS 1980"", 6378137, 298.257222101]], PRIMEM[""Greenwich"", 0], UNIT[""Degree"", 0.0174532925199433]]",metre,1
4695,EPSG,4695,"GEOGCS[""Katanga 1955"", DATUM[""Katanga 1955"", ELLIPSOID[""Clarke 1866"", 6378206.4, 294.978698213898]], PRIMEM[""Greenwich"", 0], UNIT[""Degree"", 0.0174532925199433]]",metre,1
4696,EPSG,4696,"GEOGCS[""Kasai 1953"", DATUM[""Kasai 1953"", ELLIPSOID[""Clarke 1880 (RGS)"", 6378249.145, 293.465]], PRIMEM[""Greenwich"", 0], UNIT[""Degree"", 0.0174532925199433]]",metre,1
4697,EPSG,4697,"GEOGCS[""IGC 1962 6th Parallel South"", DATUM[""IGC 1962 Arc of the 6th Parallel South"", ELLIPSOID[""Clarke 1880 (RGS)"", 6378249.145, 293.465]], PRIMEM[""Greenwich"", 0], UNIT[""Degree"", 0.0174532925199433]]",metre,1
4698,EPSG,4698,"GEOGCS[""IGN 1962 Kerguelen"", DATUM[""IGN 1962 Kerguelen"", ELLIPSOID[""International 1924"", 6378388, 297]], PRIMEM[""Greenwich"", 0], UNIT[""Degree"", 0.0174532925199433]]",metre,1
4699,EPSG,4699,"GEOGCS[""Le Pouce 1934"", DATUM[""Le Pouce 1934"", ELLIPSOID[""Clarke 1880 (RGS)"", 6378249.145, 293.465]], PRIMEM[""Greenwich"", 0], UNIT[""Degree"", 0.0174532925199433]]",metre,1
4700,EPSG,4700,"GEOGCS[""IGN Astro 1960"", DATUM[""IGN Astro 1960"", ELLIPSOID[""Clarke 1880 (RGS)"", 6378249.145, 293.465]], PRIMEM[""Greenwich"", 0], UNIT[""Degree"", 0.0174532925199433]]",metre,1
4701,EPSG,4701,"GEOGCS[""IGCB 1955"", DATUM[""Institut Geographique du Congo Belge 1955"", ELLIPSOID[""Clarke 1880 (RGS)"", 6378249.145, 293.465]], PRIMEM[""Greenwich"", 0], UNIT[""Degree"", 0.0174532925199433]]",metre,1
4702,EPSG,4702,"GEOGCS[""Mauritania 1999"", DATUM[""Mauritania 1999"", ELLIPSOID[""GRS 1980"", 6378137, 298.257222101]], PRIMEM[""Greenwich"", 0], UNIT[""Degree"", 0.0174532925199433]]",metre,1
4703,EPSG,4703,"GEOGCS[""Mhast 1951"", DATUM[""Missao Hidrografico Angola y Sao Tome 1951"", ELLIPSOID[""Clarke 1880 (RGS)"", 6378249.145, 293.465]], PRIMEM[""Greenwich"", 0], UNIT[""Degree"", 0.0174532925199433]]",metre,1
4704,EPSG,4704,"GEOGCS[""Mhast (onshore)"", DATUM[""Mhast (onshore)"", ELLIPSOID[""International 1924"", 6378388, 297]], PRIMEM[""Greenwich"", 0], UNIT[""Degree"", 0.0174532925199433]]",metre,1
4705,EPSG,4705,"GEOGCS[""Mhast (offshore)"", DATUM[""Mhast (offshore)"", ELLIPSOID[""International 1924"", 6378388, 297]], PRIMEM[""Greenwich"", 0], UNIT[""Degree"", 0.0174532925199433]]",metre,1
4706,EPSG,4706,"GEOGCS[""Egypt Gulf of Suez S-650 TL"", DATUM[""Egypt Gulf of Suez S-650 TL"", ELLIPSOID[""Helmert 1906"", 6378200, 298.3]], PRIMEM[""Greenwich"", 0], UNIT[""Degree"", 0.0174532925199433]]",metre,1
4707,EPSG,4707,"GEOGCS[""Tern Island 1961"", DATUM[""Tern Island 1961"", ELLIPSOID[""International 1924"", 6378388, 297]], PRIMEM[""Greenwich"", 0], UNIT[""Degree"", 0.0174532925199433]]",metre,1
4708,EPSG,4708,"GEOGCS[""Cocos Islands 1965"", DATUM[""Cocos Islands 1965"", ELLIPSOID[""Australian National Spheroid"", 6378160, 298.25]], PRIMEM[""Greenwich"", 0], UNIT[""Degree"", 0.0174532925199433]]",metre,1
4709,EPSG,4709,"GEOGCS[""Iwo Jima 1945"", DATUM[""Iwo Jima 1945"", ELLIPSOID[""International 1924"", 6378388, 297]], PRIMEM[""Greenwich"", 0], UNIT[""Degree"", 0.0174532925199433]]",metre,1
4710,EPSG,4710,"GEOGCS[""St. Helena 1971"", DATUM[""St. Helena 1971"", ELLIPSOID[""International 1924"", 6378388, 297]], PRIMEM[""Greenwich"", 0], UNIT[""Degree"", 0.0174532925199433]]",metre,1
4711,EPSG,4711,"GEOGCS[""Marcus Island 1952"", DATUM[""Marcus Island 1952"", ELLIPSOID[""International 1924"", 6378388, 297]], PRIMEM[""Greenwich"", 0], UNIT[""Degree"", 0.0174532925199433]]",metre,1
4712,EPSG,4712,"GEOGCS[""Ascension Island 1958"", DATUM[""Ascension Island 1958"", ELLIPSOID[""International 1924"", 6378388, 297]], PRIMEM[""Greenwich"", 0], UNIT[""Degree"", 0.0174532925199433]]",metre,1
4713,EPSG,4713,"GEOGCS[""Ayabelle Lighthouse"", DATUM[""Ayabelle Lighthouse"", ELLIPSOID[""Clarke 1880 (RGS)"", 6378249.145, 293.465]], PRIMEM[""Greenwich"", 0], UNIT[""Degree"", 0.0174532925199433]]",metre,1
4714,EPSG,4714,"GEOGCS[""Bellevue"", DATUM[""Bellevue"", ELLIPSOID[""International 1924"", 6378388, 297]], PRIMEM[""Greenwich"", 0], UNIT[""Degree"", 0.0174532925199433]]",metre,1
4715,EPSG,4715,"GEOGCS[""Camp Area Astro"", DATUM[""Camp Area Astro"", ELLIPSOID[""International 1924"", 6378388, 297]], PRIMEM[""Greenwich"", 0], UNIT[""Degree"", 0.0174532925199433]]",metre,1
4716,EPSG,4716,"GEOGCS[""Phoenix Islands 1966"", DATUM[""Phoenix Islands 1966"", ELLIPSOID[""International 1924"", 6378388, 297]], PRIMEM[""Greenwich"", 0], UNIT[""Degree"", 0.0174532925199433]]",metre,1
4717,EPSG,4717,"GEOGCS[""Cape Canaveral"", DATUM[""Cape Canaveral"", ELLIPSOID[""Clarke 1866"", 6378206.4, 294.978698213898]], PRIMEM[""Greenwich"", 0], UNIT[""Degree"", 0.0174532925199433]]",metre,1
4718,EPSG,4718,"GEOGCS[""Solomon 1968"", DATUM[""Solomon 1968"", ELLIPSOID[""International 1924"", 6378388, 297]], PRIMEM[""Greenwich"", 0], UNIT[""Degree"", 0.0174532925199433]]",metre,1
4719,EPSG,4719,"GEOGCS[""Easter Island 1967"", DATUM[""Easter Island 1967"", ELLIPSOID[""International 1924"", 6378388, 297]], PRIMEM[""Greenwich"", 0], UNIT[""Degree"", 0.0174532925199433]]",metre,1
4720,EPSG,4720,"GEOGCS[""Fiji 1986"", DATUM[""Fiji Geodetic Datum 1986"", ELLIPSOID[""WGS 72"", 6378135, 298.26]], PRIMEM[""Greenwich"", 0], UNIT[""Degree"", 0.0174532925199433]]",metre,1
4721,EPSG,4721,"GEOGCS[""Fiji 1956"", DATUM[""Fiji 1956"", ELLIPSOID[""International 1924"", 6378388, 297]], PRIMEM[""Greenwich"", 0], UNIT[""Degree"", 0.0174532925199433]]",metre,1
4722,EPSG,4722,"GEOGCS[""South Georgia 1968"", DATUM[""South Georgia 1968"", ELLIPSOID[""International 1924"", 6378388, 297]], PRIMEM[""Greenwich"", 0], UNIT[""Degree"", 0.0174532925199433]]",metre,1
4723,EPSG,4723,"GEOGCS[""Grand Cayman 1959"", DATUM[""Grand Cayman 1959"", ELLIPSOID[""Clarke 1866"", 6378206.4, 294.978698213898]], PRIMEM[""Greenwich"", 0], UNIT[""Degree"", 0.0174532925199433]]",metre,1
4724,EPSG,4724,"GEOGCS[""Diego Garcia 1969"", DATUM[""Diego Garcia 1969"", ELLIPSOID[""International 1924"", 6378388, 297]], PRIMEM[""Greenwich"", 0], UNIT[""Degree"", 0.0174532925199433]]",metre,1
4725,EPSG,4725,"GEOGCS[""Johnston Island 1961"", DATUM[""Johnston Island 1961"", ELLIPSOID[""International 1924"", 6378388, 297]], PRIMEM[""Greenwich"", 0], UNIT[""Degree"", 0.0174532925199433]]",metre,1
4726,EPSG,4726,"GEOGCS[""Little Cayman 1961"", DATUM[""Little Cayman 1961"", ELLIPSOID[""Clarke 1866"", 6378206.4, 294.978698213898]], PRIMEM[""Greenwich"", 0], UNIT[""Degree"", 0.0174532925199433]]",metre,1
4727,EPSG,4727,"GEOGCS[""Midway 1961"", DATUM[""Midway 1961"", ELLIPSOID[""International 1924"", 6378388, 297]], PRIMEM[""Greenwich"", 0], UNIT[""Degree"", 0.0174532925199433]]",metre,1
4728,EPSG,4728,"GEOGCS[""Pico de la Nieves"", DATUM[""Pico de la Nieves"", ELLIPSOID[""International 1924"", 6378388, 297]], PRIMEM[""Greenwich"", 0], UNIT[""Degree"", 0.0174532925199433]]",metre,1
4729,EPSG,4729,"GEOGCS[""Pitcairn 1967"", DATUM[""Pitcairn 1967"", ELLIPSOID[""International 1924"", 6378388, 297]], PRIMEM[""Greenwich"", 0], UNIT[""Degree"", 0.0174532925199433]]",metre,1
4730,EPSG,4730,"GEOGCS[""Santo 1965"", DATUM[""Santo 1965"", ELLIPSOID[""International 1924"", 6378388, 297]], PRIMEM[""Greenwich"", 0], UNIT[""Degree"", 0.0174532925199433]]",metre,1
4732,EPSG,4732,"GEOGCS[""Marshall Islands 1960"", DATUM[""Marshall Islands 1960"", ELLIPSOID[""Hough 1960"", 6378270, 297]], PRIMEM[""Greenwich"", 0], UNIT[""Degree"", 0.0174532925199433]]",metre,1
4733,EPSG,4733,"GEOGCS[""Wake Island 1952"", DATUM[""Wake Island 1952"", ELLIPSOID[""International 1924"", 6378388, 297]], PRIMEM[""Greenwich"", 0], UNIT[""Degree"", 0.0174532925199433]]",metre,1
4734,EPSG,4734,"GEOGCS[""Tristan 1968"", DATUM[""Tristan 1968"", ELLIPSOID[""International 1924"", 6378388, 297]], PRIMEM[""Greenwich"", 0], UNIT[""Degree"", 0.0174532925199433]]",metre,1
4735,EPSG,4735,"GEOGCS[""Kusaie 1951"", DATUM[""Kusaie 1951"", ELLIPSOID[""International 1924"", 6378388, 297]], PRIMEM[""Greenwich"", 0], UNIT[""Degree"", 0.0174532925199433]]",metre,1
4736,EPSG,4736,"GEOGCS[""Deception Island"", DATUM[""Deception Island"", ELLIPSOID[""Clarke 1880 (RGS)"", 6378249.145, 293.465]], PRIMEM[""Greenwich"", 0], UNIT[""Degree"", 0.0174532925199433]]",metre,1
4737,EPSG,4737,"GEOGCS[""Korea 2000"", DATUM[""Geocentric datum of Korea"", ELLIPSOID[""GRS 1980"", 6378137, 298.257222101]], PRIMEM[""Greenwich"", 0], UNIT[""Degree"", 0.0174532925199433]]",metre,1
4738,EPSG,4738,"GEOGCS[""Hong Kong 1963"", DATUM[""Hong Kong 1963"", ELLIPSOID[""Clarke 1858"", 6378293.64520876, 294.260676369261]], PRIMEM[""Greenwich"", 0], UNIT[""Degree"", 0.0174532925199433]]",Clarke's foot,0.304797265
4739,EPSG,4739,"GEOGCS[""Hong Kong 1963(67)"", DATUM[""Hong Kong 1963(67)"", ELLIPSOID[""International 1924"", 6378388, 297]], PRIMEM[""Greenwich"", 0], UNIT[""Degree"", 0.0174532925199433]]",metre,1
4740,EPSG,4740,"GEOGCS[""PZ-90"", DATUM[""Parametrop Zemp 1990"", ELLIPSOID[""PZ-90"", 6378136, 298.257839303]], PRIMEM[""Greenwich"", 0], UNIT[""Degree"", 0.0174532925199433]]",metre,1
4741,EPSG,4741,"GEOGCS[""FD54"", DATUM[""Faroe Datum 1954"", ELLIPSOID[""International 1924"", 6378388, 297]], PRIMEM[""Greenwich"", 0], UNIT[""Degree"", 0.0174532925199433]]",metre,1
4742,EPSG,4742,"GEOGCS[""GDM2000"", DATUM[""Geodetic Datum of Malaysia 2000"", ELLIPSOID[""GRS 1980"", 6378137, 298.257222101]], PRIMEM[""Greenwich"", 0], UNIT[""Degree"", 0.0174532925199433]]",metre,1
4743,EPSG,4743,"GEOGCS[""Karbala 1979 (Polservice)"", DATUM[""Karbala 1979 (Polservice)"", ELLIPSOID[""Clarke 1880 (RGS)"", 6378249.145, 293.465]], PRIMEM[""Greenwich"", 0], UNIT[""Degree"", 0.0174532925199433]]",metre,1
4744,EPSG,4744,"GEOGCS[""Nahrwan 1934"", DATUM[""Nahrwan 1934"", ELLIPSOID[""Clarke 1880 (RGS)"", 6378249.145, 293.465]], PRIMEM[""Greenwich"", 0], UNIT[""Degree"", 0.0174532925199433]]",metre,1
4745,EPSG,4745,"GEOGCS[""RD/83"", DATUM[""Rauenberg Datum/83"", ELLIPSOID[""Bessel 1841"", 6377397.155, 299.1528128]], PRIMEM[""Greenwich"", 0], UNIT[""Degree"", 0.0174532925199433]]",metre,1
4746,EPSG,4746,"GEOGCS[""PD/83"", DATUM[""Potsdam Datum/83"", ELLIPSOID[""Bessel 1841"", 6377397.155, 299.1528128]], PRIMEM[""Greenwich"", 0], UNIT[""Degree"", 0.0174532925199433]]",metre,1
4747,EPSG,4747,"GEOGCS[""GR96"", DATUM[""Greenland 1996"", ELLIPSOID[""GRS 1980"", 6378137, 298.257222101]], PRIMEM[""Greenwich"", 0], UNIT[""Degree"", 0.0174532925199433]]",metre,1
4748,EPSG,4748,"GEOGCS[""Vanua Levu 1915"", DATUM[""Vanua Levu 1915"", ELLIPSOID[""Clarke 1880 (international foot)"", 6378306.3696, 293.46630765563]], PRIMEM[""Greenwich"", 0], UNIT[""Degree"", 0.0174532925199433]]",foot,0.3048
4749,EPSG,4749,"GEOGCS[""RGNC91-93"", DATUM[""Reseau Geodesique de Nouvelle Caledonie 91-93"", ELLIPSOID[""GRS 1980"", 6378137, 298.257222101]], PRIMEM[""Greenwich"", 0], UNIT[""Degree"", 0.0174532925199433]]",metre,1
4750,EPSG,4750,"GEOGCS[""ST87 Ouvea"", DATUM[""ST87 Ouvea"", ELLIPSOID[""WGS 84"", 6378137, 298.257223563]], PRIMEM[""Greenwich"", 0], UNIT[""Degree"", 0.0174532925199433]]",metre,1
4751,EPSG,4751,"GEOGCS[""Kertau (RSO)"", DATUM[""Kertau (RSO)"", ELLIPSOID[""Everest 1830 (RSO 1969)"", 6377295.664, 300.8017]], PRIMEM[""Greenwich"", 0], UNIT[""Degree"", 0.0174532925199433]]",metre,1
4752,EPSG,4752,"GEOGCS[""Viti Levu 1912"", DATUM[""Viti Levu 1912"", ELLIPSOID[""Clarke 1880 (international foot)"", 6378306.3696, 293.46630765563]], PRIMEM[""Greenwich"", 0], UNIT[""Degree"", 0.0174532925199433]]",foot,0.3048
4753,EPSG,4753,"GEOGCS[""fk89"", DATUM[""fk89"", ELLIPSOID[""International 1924"", 6378388, 297]], PRIMEM[""Greenwich"", 0], UNIT[""Degree"", 0.0174532925199433]]",metre,1
4754,EPSG,4754,"GEOGCS[""LGD2006"", DATUM[""Libyan Geodetic Datum 2006"", ELLIPSOID[""International 1924"", 6378388, 297]], PRIMEM[""Greenwich"", 0], UNIT[""Degree"", 0.0174532925199433]]",metre,1
4755,EPSG,4755,"GEOGCS[""DGN95"", DATUM[""Datum Geodesi Nasional 1995"", ELLIPSOID[""WGS 84"", 6378137, 298.257223563]], PRIMEM[""Greenwich"", 0], UNIT[""Degree"", 0.0174532925199433]]",metre,1
4756,EPSG,4756,"GEOGCS[""VN-2000"", DATUM[""Vietnam 2000"", ELLIPSOID[""WGS 84"", 6378137, 298.257223563]], PRIMEM[""Greenwich"", 0], UNIT[""Degree"", 0.0174532925199433]]",metre,1
4757,EPSG,4757,"GEOGCS[""SVY21"", DATUM[""SVY21"", ELLIPSOID[""WGS 84"", 6378137, 298.257223563]], PRIMEM[""Greenwich"", 0], UNIT[""Degree"", 0.0174532925199433]]",metre,1
4758,EPSG,4758,"GEOGCS[""JAD2001"", DATUM[""Jamaica 2001"", ELLIPSOID[""WGS 84"", 6378137, 298.257223563]], PRIMEM[""Greenwich"", 0], UNIT[""Degree"", 0.0174532925199433]]",metre,1
4801,EPSG,4801,"GEOGCS[""Bern 1898 (Bern)"", DATUM[""CH1903 (Bern)"", ELLIPSOID[""Bessel 1841"", 6377397.155, 299.1528128]], PRIMEM[""Bern"", 7.4395833333], UNIT[""Degree"", 0.0174532925199433]]",metre,1
4802,EPSG,4802,"GEOGCS[""Bogota 1975 (Bogota)"", DATUM[""Bogota 1975 (Bogota)"", ELLIPSOID[""International 1924"", 6378388, 297]], PRIMEM[""Bogota"", -74.0809166667], UNIT[""Degree"", 0.0174532925199433]]",metre,1
4803,EPSG,4803,"GEOGCS[""Lisbon (Lisbon)"", DATUM[""Lisbon 1937 (Lisbon)"", ELLIPSOID[""International 1924"", 6378388, 297]], PRIMEM[""Lisbon"", -9.1319061111], UNIT[""Degree"", 0.0174532925199433]]",metre,1
4804,EPSG,4804,"GEOGCS[""Makassar (Jakarta)"", DATUM[""Makassar (Jakarta)"", ELLIPSOID[""Bessel 1841"", 6377397.155, 299.1528128]], PRIMEM[""Jakarta"", 106.8077194444], UNIT[""Degree"", 0.0174532925199433]]",metre,1
4805,EPSG,4805,"GEOGCS[""MGI (Ferro)"", DATUM[""Militar-Geographische Institut (Ferro)"", ELLIPSOID[""Bessel 1841"", 6377397.155, 299.1528128]], PRIMEM[""Ferro"", -17.6666666667], UNIT[""Degree"", 0.0174532925199433]]",metre,1
4806,EPSG,4806,"GEOGCS[""Monte Mario (Rome)"", DATUM[""Monte Mario (Rome)"", ELLIPSOID[""International 1924"", 6378388, 297]], PRIMEM[""Rome"", 12.4523333333], UNIT[""Degree"", 0.0174532925199433]]",metre,1
4807,EPSG,4807,"GEOGCS[""NTF (Paris)"", DATUM[""Nouvelle Triangulation Francaise (Paris)"", ELLIPSOID[""Clarke 1880 (IGN)"", 6378249.2, 293.466021293627]], PRIMEM[""Paris"", 2.33722917], UNIT[""Degree"", 0.0174532925199433]]",metre,1
4808,EPSG,4808,"GEOGCS[""Padang (Jakarta)"", DATUM[""Padang 1884 (Jakarta)"", ELLIPSOID[""Bessel 1841"", 6377397.155, 299.1528128]], PRIMEM[""Jakarta"", 106.8077194444], UNIT[""Degree"", 0.0174532925199433]]",metre,1
4809,EPSG,4809,"GEOGCS[""Belge 1950 (Brussels)"", DATUM[""Reseau National Belge 1950 (Brussels)"", ELLIPSOID[""International 1924"", 6378388, 297]], PRIMEM[""Brussels"", 4.367975], UNIT[""Degree"", 0.0174532925199433]]",metre,1
4810,EPSG,4810,"GEOGCS[""Tananarive (Paris)"", DATUM[""Tananarive 1925 (Paris)"", ELLIPSOID[""International 1924"", 6378388, 297]], PRIMEM[""Paris"", 2.33722917], UNIT[""Degree"", 0.0174532925199433]]",metre,1
4811,EPSG,4811,"GEOGCS[""Voirol 1875 (Paris)"", DATUM[""Voirol 1875 (Paris)"", ELLIPSOID[""Clarke 1880 (IGN)"", 6378249.2, 293.466021293627]], PRIMEM[""Paris"", 2.33722917], UNIT[""Degree"", 0.0174532925199433]]",metre,1
4813,EPSG,4813,"GEOGCS[""Batavia (Jakarta)"", DATUM[""Batavia (Jakarta)"", ELLIPSOID[""Bessel 1841"", 6377397.155, 299.1528128]], PRIMEM[""Jakarta"", 106.8077194444], UNIT[""Degree"", 0.0174532925199433]]",metre,1
4814,EPSG,4814,"GEOGCS[""RT38 (Stockholm)"", DATUM[""Stockholm 1938 (Stockholm)"", ELLIPSOID[""Bessel 1841"", 6377397.155, 299.1528128]], PRIMEM[""Stockholm"", 18.0582777778], UNIT[""Degree"", 0.0174532925199433]]",metre,1
4815,EPSG,4815,"GEOGCS[""Greek (Athens)"", DATUM[""Greek (Athens)"", ELLIPSOID[""Bessel 1841"", 6377397.155, 299.1528128]], PRIMEM[""Athens"", 23.7163375], UNIT[""Degree"", 0.0174532925199433]]",metre,1
4816,EPSG,4816,"GEOGCS[""Carthage (Paris)"", DATUM[""Carthage (Paris)"", ELLIPSOID[""Clarke 1880 (IGN)"", 6378249.2, 293.466021293627]], PRIMEM[""Paris"", 2.33722917], UNIT[""Degree"", 0.0174532925199433]]",metre,1
4817,EPSG,4817,"GEOGCS[""NGO 1948 (Oslo)"", DATUM[""NGO 1948 (Oslo)"", ELLIPSOID[""Bessel Modified"", 6377492.018, 299.1528128]], PRIMEM[""Oslo"", 10.7229166667], UNIT[""Degree"", 0.0174532925199433]]",metre,1
4818,EPSG,4818,"GEOGCS[""S-JTSK (Ferro)"", DATUM[""S-JTSK (Ferro)"", ELLIPSOID[""Bessel 1841"", 6377397.155, 299.1528128]], PRIMEM[""Ferro"", -17.6666666667], UNIT[""Degree"", 0.0174532925199433]]",metre,1
4820,EPSG,4820,"GEOGCS[""Segara (Jakarta)"", DATUM[""Gunung Segara (Jakarta)"", ELLIPSOID[""Bessel 1841"", 6377397.155, 299.1528128]], PRIMEM[""Jakarta"", 106.8077194444], UNIT[""Degree"", 0.0174532925199433]]",metre,1
4821,EPSG,4821,"GEOGCS[""Voirol 1879 (Paris)"", DATUM[""Voirol 1879 (Paris)"", ELLIPSOID[""Clarke 1880 (IGN)"", 6378249.2, 293.466021293627]], PRIMEM[""Paris"", 2.33722917], UNIT[""Degree"", 0.0174532925199433]]",metre,1
4895,EPSG,4895,"GEOGCS[""JAD2001"", DATUM[""Jamaica 2001"", ELLIPSOID[""WGS 84"", 6378137, 298.257223563]], PRIMEM[""Greenwich"", 0], UNIT[""Degree"", 0.0174532925199433]]",metre,1
4898,EPSG,4898,"GEOGCS[""DGN95"", DATUM[""Datum Geodesi Nasional 1995"", ELLIPSOID[""WGS 84"", 6378137, 298.257223563]], PRIMEM[""Greenwich"", 0], UNIT[""Degree"", 0.0174532925199433]]",metre,1
4900,EPSG,4900,"GEOGCS[""LGD2006"", DATUM[""Libyan Geodetic Datum 2006"", ELLIPSOID[""International 1924"", 6378388, 297]], PRIMEM[""Greenwich"", 0], UNIT[""Degree"", 0.0174532925199433]]",metre,1
4901,EPSG,4901,"GEOGCS[""ATF (Paris)"", DATUM[""Ancienne Triangulation Francaise (Paris)"", ELLIPSOID[""Plessis 1817"", 6376523, 308.64]], PRIMEM[""Paris"", 2.33722917], UNIT[""Degree"", 0.0174532925199433]]",metre,1
4902,EPSG,4902,"GEOGCS[""NDG (Paris)"", DATUM[""Nord de Guerre (Paris)"", ELLIPSOID[""Plessis 1817"", 6376523, 308.64]], PRIMEM[""Paris"", 2.33722917], UNIT[""Degree"", 0.0174532925199433]]",metre,1
4903,EPSG,4903,"GEOGCS[""Madrid 1870 (Madrid)"", DATUM[""Madrid 1870 (Madrid)"", ELLIPSOID[""Struve 1860"", 6378298.3, 294.73]], PRIMEM[""Madrid"", -3.6879388889], UNIT[""Degree"", 0.0174532925199433]]",metre,1
4904,EPSG,4904,"GEOGCS[""Lisbon 1890 (Lisbon)"", DATUM[""Lisbon 1890 (Lisbon)"", ELLIPSOID[""Bessel 1841"", 6377397.155, 299.1528128]], PRIMEM[""Lisbon"", -9.1319061111], UNIT[""Degree"", 0.0174532925199433]]",metre,1
4907,EPSG,4907,"GEOGCS[""RGNC91-93"", DATUM[""Reseau Geodesique de Nouvelle Caledonie 91-93"", ELLIPSOID[""GRS 1980"", 6378137, 298.257222101]], PRIMEM[""Greenwich"", 0], UNIT[""Degree"", 0.0174532925199433]]",metre,1
4909,EPSG,4909,"GEOGCS[""GR96"", DATUM[""Greenland 1996"", ELLIPSOID[""GRS 1980"", 6378137, 298.257222101]], PRIMEM[""Greenwich"", 0], UNIT[""Degree"", 0.0174532925199433]]",metre,1
4921,EPSG,4921,"GEOGCS[""GDM2000"", DATUM[""Geodetic Datum of Malaysia 2000"", ELLIPSOID[""GRS 1980"", 6378137, 298.257222101]], PRIMEM[""Greenwich"", 0], UNIT[""Degree"", 0.0174532925199433]]",metre,1
4923,EPSG,4923,"GEOGCS[""PZ-90"", DATUM[""Parametrop Zemp 1990"", ELLIPSOID[""PZ-90"", 6378136, 298.257839303]], PRIMEM[""Greenwich"", 0], UNIT[""Degree"", 0.0174532925199433]]",metre,1
4925,EPSG,4925,"GEOGCS[""Mauritania 1999"", DATUM[""Mauritania 1999"", ELLIPSOID[""GRS 1980"", 6378137, 298.257222101]], PRIMEM[""Greenwich"", 0], UNIT[""Degree"", 0.0174532925199433]]",metre,1
4927,EPSG,4927,"GEOGCS[""Korea 2000"", DATUM[""Geocentric datum of Korea"", ELLIPSOID[""GRS 1980"", 6378137, 298.257222101]], PRIMEM[""Greenwich"", 0], UNIT[""Degree"", 0.0174532925199433]]",metre,1
4929,EPSG,4929,"GEOGCS[""POSGAR 94"", DATUM[""Posiciones Geodesicas Argentinas 1994"", ELLIPSOID[""GRS 1980"", 6378137, 298.257222101]], PRIMEM[""Greenwich"", 0], UNIT[""Degree"", 0.0174532925199433]]",metre,1
4931,EPSG,4931,"GEOGCS[""Australian Antarctic"", DATUM[""Australian Antarctic Datum 1998"", ELLIPSOID[""GRS 1980"", 6378137, 298.257222101]], PRIMEM[""Greenwich"", 0], UNIT[""Degree"", 0.0174532925199433]]",metre,1
4933,EPSG,4933,"GEOGCS[""CHTRF95"", DATUM[""Swiss Terrestrial Reference Frame 1995"", ELLIPSOID[""GRS 1980"", 6378137, 298.257222101]], PRIMEM[""Greenwich"", 0], UNIT[""Degree"", 0.0174532925199433]]",metre,1
4935,EPSG,4935,"GEOGCS[""EST97"", DATUM[""Estonia 1997"", ELLIPSOID[""GRS 1980"", 6378137, 298.257222101]], PRIMEM[""Greenwich"", 0], UNIT[""Degree"", 0.0174532925199433]]",metre,1
4937,EPSG,4937,"GEOGCS[""ETRS89"", DATUM[""European Terrestrial Reference System 1989"", ELLIPSOID[""GRS 1980"", 6378137, 298.257222101]], PRIMEM[""Greenwich"", 0], UNIT[""Degree"", 0.0174532925199433]]",metre,1
4939,EPSG,4939,"GEOGCS[""GDA94"", DATUM[""Geocentric Datum of Australia 1994"", ELLIPSOID[""GRS 1980"", 6378137, 298.257222101]], PRIMEM[""Greenwich"", 0], UNIT[""Degree"", 0.0174532925199433]]",metre,1
4941,EPSG,4941,"GEOGCS[""Hartebeesthoek94"", DATUM[""Hartebeesthoek94"", ELLIPSOID[""WGS 84"", 6378137, 298.257223563]], PRIMEM[""Greenwich"", 0], UNIT[""Degree"", 0.0174532925199433]]",metre,1
4943,EPSG,4943,"GEOGCS[""IRENET95"", DATUM[""IRENET95"", ELLIPSOID[""GRS 1980"", 6378137, 298.257222101]], PRIMEM[""Greenwich"", 0], UNIT[""Degree"", 0.0174532925199433]]",metre,1
4945,EPSG,4945,"GEOGCS[""ISN93"", DATUM[""Islands Network 1993"", ELLIPSOID[""GRS 1980"", 6378137, 298.257222101]], PRIMEM[""Greenwich"", 0], UNIT[""Degree"", 0.0174532925199433]]",metre,1
4947,EPSG,4947,"GEOGCS[""JGD2000"", DATUM[""Japanese Geodetic Datum 2000"", ELLIPSOID[""GRS 1980"", 6378137, 298.257222101]], PRIMEM[""Greenwich"", 0], UNIT[""Degree"", 0.0174532925199433]]",metre,1
4949,EPSG,4949,"GEOGCS[""LKS92"", DATUM[""Latvia 1992"", ELLIPSOID[""GRS 1980"", 6378137, 298.257222101]], PRIMEM[""Greenwich"", 0], UNIT[""Degree"", 0.0174532925199433]]",metre,1
4951,EPSG,4951,"GEOGCS[""LKS94"", DATUM[""Lithuania 1994 (ETRS89)"", ELLIPSOID[""GRS 1980"", 6378137, 298.257222101]], PRIMEM[""Greenwich"", 0], UNIT[""Degree"", 0.0174532925199433]]",metre,1
4953,EPSG,4953,"GEOGCS[""Moznet"", DATUM[""Moznet (ITRF94)"", ELLIPSOID[""WGS 84"", 6378137, 298.257223563]], PRIMEM[""Greenwich"", 0], UNIT[""Degree"", 0.0174532925199433]]",metre,1
4955,EPSG,4955,"GEOGCS[""NAD83(CSRS)"", DATUM[""NAD83 Canadian Spatial Reference System"", ELLIPSOID[""GRS 1980"", 6378137, 298.257222101]], PRIMEM[""Greenwich"", 0], UNIT[""Degree"", 0.0174532925199433]]",metre,1
4957,EPSG,4957,"GEOGCS[""NAD83(HARN)"", DATUM[""NAD83 (High Accuracy Regional Network)"", ELLIPSOID[""GRS 1980"", 6378137, 298.257222101]], PRIMEM[""Greenwich"", 0], UNIT[""Degree"", 0.0174532925199433]]",metre,1
4959,EPSG,4959,"GEOGCS[""NZGD2000"", DATUM[""New Zealand Geodetic Datum 2000"", ELLIPSOID[""GRS 1980"", 6378137, 298.257222101]], PRIMEM[""Greenwich"", 0], UNIT[""Degree"", 0.0174532925199433]]",metre,1
4961,EPSG,4961,"GEOGCS[""POSGAR 98"", DATUM[""Posiciones Geodesicas Argentinas 1998"", ELLIPSOID[""GRS 1980"", 6378137, 298.257222101]], PRIMEM[""Greenwich"", 0], UNIT[""Degree"", 0.0174532925199433]]",metre,1
4963,EPSG,4963,"GEOGCS[""REGVEN"", DATUM[""Red Geodesica Venezolana"", ELLIPSOID[""GRS 1980"", 6378137, 298.257222101]], PRIMEM[""Greenwich"", 0], UNIT[""Degree"", 0.0174532925199433]]",metre,1
4965,EPSG,4965,"GEOGCS[""RGF93"", DATUM[""Reseau Geodesique Francais 1993"", ELLIPSOID[""GRS 1980"", 6378137, 298.257222101]], PRIMEM[""Greenwich"", 0], UNIT[""Degree"", 0.0174532925199433]]",metre,1
4967,EPSG,4967,"GEOGCS[""RGFG95"", DATUM[""Reseau Geodesique Francais Guyane 1995"", ELLIPSOID[""GRS 1980"", 6378137, 298.257222101]], PRIMEM[""Greenwich"", 0], UNIT[""Degree"", 0.0174532925199433]]",metre,1
4971,EPSG,4971,"GEOGCS[""RGR92"", DATUM[""Reseau Geodesique de la Reunion 1992"", ELLIPSOID[""GRS 1980"", 6378137, 298.257222101]], PRIMEM[""Greenwich"", 0], UNIT[""Degree"", 0.0174532925199433]]",metre,1
4973,EPSG,4973,"GEOGCS[""RRAF 1991"", DATUM[""Reseau de Reference des Antilles Francaises 1991"", ELLIPSOID[""WGS 84"", 6378137, 298.257223563]], PRIMEM[""Greenwich"", 0], UNIT[""Degree"", 0.0174532925199433]]",metre,1
4975,EPSG,4975,"GEOGCS[""SIRGAS"", DATUM[""Sistema de Referencia Geocentrico para America del Sur 1995"", ELLIPSOID[""GRS 1980"", 6378137, 298.257222101]], PRIMEM[""Greenwich"", 0], UNIT[""Degree"", 0.0174532925199433]]",metre,1
4977,EPSG,4977,"GEOGCS[""SWEREF99"", DATUM[""SWEREF99"", ELLIPSOID[""GRS 1980"", 6378137, 298.257222101]], PRIMEM[""Greenwich"", 0], UNIT[""Degree"", 0.0174532925199433]]",metre,1
4979,EPSG,4979,"GEOGCS[""WGS 84"", DATUM[""World Geodetic System 1984"", ELLIPSOID[""WGS 84"", 6378137, 298.257223563]], PRIMEM[""Greenwich"", 0], UNIT[""Degree"", 0.0174532925199433]]",metre,1
4981,EPSG,4981,"GEOGCS[""Yemen NGN96"", DATUM[""Yemen National Geodetic Network 1996"", ELLIPSOID[""WGS 84"", 6378137, 298.257223563]], PRIMEM[""Greenwich"", 0], UNIT[""Degree"", 0.0174532925199433]]",metre,1
4983,EPSG,4983,"GEOGCS[""IGM95"", DATUM[""Istituto Geografico Militaire 1995"", ELLIPSOID[""WGS 84"", 6378137, 298.257223563]], PRIMEM[""Greenwich"", 0], UNIT[""Degree"", 0.0174532925199433]]",metre,1
4985,EPSG,4985,"GEOGCS[""WGS 72"", DATUM[""World Geodetic System 1972"", ELLIPSOID[""WGS 72"", 6378135, 298.26]], PRIMEM[""Greenwich"", 0], UNIT[""Degree"", 0.0174532925199433]]",metre,1
4987,EPSG,4987,"GEOGCS[""WGS 72BE"", DATUM[""WGS 72 Transit Broadcast Ephemeris"", ELLIPSOID[""WGS 72"", 6378135, 298.26]], PRIMEM[""Greenwich"", 0], UNIT[""Degree"", 0.0174532925199433]]",metre,1
4989,EPSG,4989,"GEOGCS[""SIRGAS 2000"", DATUM[""Sistema de Referencia Geocentrico para America del Sur 2000"", ELLIPSOID[""GRS 1980"", 6378137, 298.257222101]], PRIMEM[""Greenwich"", 0], UNIT[""Degree"", 0.0174532925199433]]",metre,1
4991,EPSG,4991,"GEOGCS[""Lao 1993"", DATUM[""Lao 1993"", ELLIPSOID[""Krassowsky 1940"", 6378245, 298.3]], PRIMEM[""Greenwich"", 0], UNIT[""Degree"", 0.0174532925199433]]",metre,1
4993,EPSG,4993,"GEOGCS[""Lao 1997"", DATUM[""Lao National Datum 1997"", ELLIPSOID[""Krassowsky 1940"", 6378245, 298.3]], PRIMEM[""Greenwich"", 0], UNIT[""Degree"", 0.0174532925199433]]",metre,1
4995,EPSG,4995,"GEOGCS[""PRS92"", DATUM[""Philippine Reference System 1992"", ELLIPSOID[""Clarke 1866"", 6378206.4, 294.978698213898]], PRIMEM[""Greenwich"", 0], UNIT[""Degree"", 0.0174532925199433]]",metre,1
4997,EPSG,4997,"GEOGCS[""MAGNA-SIRGAS"", DATUM[""Marco Geocentrico Nacional de Referencia"", ELLIPSOID[""GRS 1980"", 6378137, 298.257222101]], PRIMEM[""Greenwich"", 0], UNIT[""Degree"", 0.0174532925199433]]",metre,1
4999,EPSG,4999,"GEOGCS[""RGPF"", DATUM[""Reseau Geodesique de la Polynesie Francaise"", ELLIPSOID[""GRS 1980"", 6378137, 298.257222101]], PRIMEM[""Greenwich"", 0], UNIT[""Degree"", 0.0174532925199433]]",metre,1
7843,EPSG,7843,"GEOGCS[""GDA2020"", DATUM[""Geocentric Datum of Australia 2020"", ELLIPSOID[""GRS 1980"", 6378137, 298.257222101]], PRIMEM[""Greenwich"", 0], UNIT[""Degree"", 0.0174532925199433]]",metre,1
7844,EPSG,7844,"GEOGCS[""GDA2020"", DATUM[""Geocentric Datum of Australia 2020"", ELLIPSOID[""GRS 1980"", 6378137, 298.257222101]], PRIMEM[""Greenwich"", 0], UNIT[""Degree"", 0.0174532925199433]]",metre,1
104001,Microsoft,104001,"GEOGCS[""Unit Sphere"", DATUM[""Unit Sphere"", SPHEROID[""Sphere"", 1.0, 0.0]], PRIMEM[""Greenwich"",0.0], UNIT[""Degree"", 0.0174532925199433]]",radian,1
